drug_name,chembl_id,mechanism_of_actions,smiles
LOSARTAN POTASSIUM,CHEMBL995,Type-1 angiotensin II receptor antagonist,CCCCc1nc(Cl)c(CO)n1Cc1ccc(-c2ccccc2-c2nnn[n-]2)cc1.[K+]
CANDESARTAN CILEXETIL,CHEMBL1014,Type-1 angiotensin II receptor antagonist,CCOc1nc2cccc(C(=O)OC(C)OC(=O)OC3CCCCC3)c2n1Cc1ccc(-c2ccccc2-c2nn[nH]n2)cc1
TELMISARTAN,CHEMBL1017,Type-1 angiotensin II receptor antagonist,CCCc1nc2c(C)cc(-c3nc4ccccc4n3C)cc2n1Cc1ccc(-c2ccccc2C(=O)O)cc1
CHOLECALCIFEROL,CHEMBL1042,Vitamin D receptor agonist,C=C1CC[C@H](O)C/C1=C/C=C1\CCC[C@]2(C)[C@@H]([C@H](C)CCCC(C)C)CC[C@@H]12
VALSARTAN,CHEMBL1069,Type-1 angiotensin II receptor antagonist,CCCCC(=O)N(Cc1ccc(-c2ccccc2-c2nnn[nH]2)cc1)[C@H](C(=O)O)C(C)C
SPARSENTAN,CHEMBL539423,Type-1 angiotensin II receptor antagonist,CCCCC1=NC2(CCCC2)C(=O)N1Cc1ccc(-c2ccccc2S(=O)(=O)Nc2noc(C)c2C)c(COCC)c1
IRBESARTAN,CHEMBL1513,Type-1 angiotensin II receptor antagonist,CCCCC1=NC2(CCCC2)C(=O)N1Cc1ccc(-c2ccccc2-c2nnn[nH]2)cc1
ERGOCALCIFEROL,CHEMBL1536,Vitamin D receptor agonist,C=C1CC[C@H](O)C/C1=C/C=C1\CCC[C@]2(C)[C@@H]([C@H](C)/C=C/[C@H](C)C(C)C)CC[C@@H]12
OLMESARTAN MEDOXOMIL,CHEMBL1200692,Type-1 angiotensin II receptor antagonist,CCCc1nc(C(C)(C)O)c(C(=O)OCc2oc(=O)oc2C)n1Cc1ccc(-c2ccccc2-c2nnn[nH]2)cc1
EPROSARTAN MESYLATE,CHEMBL1200987,Type-1 angiotensin II receptor antagonist,CCCCc1ncc(/C=C(\Cc2cccs2)C(=O)O)n1Cc1ccc(C(=O)O)cc1.CS(=O)(=O)O
AZILSARTAN KAMEDOXOMIL,CHEMBL2103795,Type-1 angiotensin II receptor antagonist,CCOc1nc2cccc(C(=O)OCc3oc(=O)oc3C)c2n1Cc1ccc(-c2ccccc2-c2noc(=O)[n-]2)cc1.[K+]
IRBESARTAN HYDROCHLORIDE,CHEMBL6068339,Type-1 angiotensin II receptor antagonist,CCCCC1=NC2(CCCC2)C(=O)N1Cc1ccc(-c2ccccc2-c2nnn[nH]2)cc1.Cl
LOVASTATIN,CHEMBL503,HMG-CoA reductase inhibitor,CC[C@H](C)C(=O)O[C@H]1C[C@@H](C)C=C2C=C[C@H](C)[C@H](CC[C@@H]3C[C@@H](O)CC(=O)O3)[C@H]21
CALCITRIOL,CHEMBL846,Vitamin D receptor agonist,C=C1/C(=C\C=C2/CCC[C@]3(C)[C@@H]([C@H](C)CCCC(C)(C)O)CC[C@@H]23)C[C@@H](O)C[C@@H]1O
CERIVASTATIN SODIUM,CHEMBL1200563,HMG-CoA reductase inhibitor,COCc1c(C(C)C)nc(C(C)C)c(/C=C/[C@@H](O)C[C@@H](O)CC(=O)[O-])c1-c1ccc(F)cc1.[Na+]
PARICALCITOL,CHEMBL1200622,Vitamin D receptor agonist,C[C@H](/C=C/[C@H](C)C(C)(C)O)[C@H]1CC[C@H]2/C(=C/C=C3C[C@@H](O)C[C@H](O)C3)CCC[C@]12C
CALCIPOTRIENE,CHEMBL1200666,Vitamin D receptor agonist,C=C1/C(=C\C=C2/CCC[C@]3(C)[C@@H]([C@H](C)/C=C/[C@@H](O)C4CC4)CC[C@@H]23)C[C@@H](O)C[C@@H]1O
DOXERCALCIFEROL,CHEMBL1200810,Vitamin D receptor agonist,C=C1/C(=C\C=C2/CCC[C@]3(C)[C@@H]([C@H](C)/C=C/[C@H](C)C(C)C)CC[C@@H]23)C[C@@H](O)C[C@@H]1O
PITAVASTATIN CALCIUM,CHEMBL1237061,HMG-CoA reductase inhibitor,O=C([O-])C[C@H](O)C[C@H](O)/C=C/c1c(C2CC2)nc2ccccc2c1-c1ccc(F)cc1.O=C([O-])C[C@H](O)C[C@H](O)/C=C/c1c(C2CC2)nc2ccccc2c1-c1ccc(F)cc1.[Ca+2]
FLUVASTATIN SODIUM,CHEMBL2218894,HMG-CoA reductase inhibitor,CC(C)n1c(/C=C/C(O)CC(O)CC(=O)[O-])c(-c2ccc(F)cc2)c2ccccc21.[Na+]
CALCIFEDIOL,CHEMBL3544909,Vitamin D receptor agonist,C=C1CC[C@H](O)C/C1=C/C=C1\CCC[C@]2(C)[C@@H]([C@H](C)CCCC(C)(C)O)CC[C@@H]12.O
PACLITAXEL,CHEMBL428647,Tubulin inhibitor,CC(=O)O[C@H]1C(=O)[C@@]2(C)[C@H]([C@H](OC(=O)c3ccccc3)[C@]3(O)C[C@H](OC(=O)[C@H](O)[C@@H](NC(=O)c4ccccc4)c4ccccc4)C(C)=C1C3(C)C)[C@]1(OC(C)=O)CO[C@@H]1C[C@@H]2O
COLCHICINE,CHEMBL107,Tubulin inhibitor,COc1cc2c(c(OC)c1OC)-c1ccc(OC)c(=O)cc1[C@@H](NC(C)=O)CC2
GRISEOFULVIN,CHEMBL562,Tubulin inhibitor,COC1=CC(=O)C[C@@H](C)[C@]12Oc1c(Cl)c(OC)cc(OC)c1C2=O
MEBENDAZOLE,CHEMBL685,Tubulin inhibitor,COC(=O)Nc1nc2cc(C(=O)c3ccccc3)ccc2[nH]1
PRAVASTATIN SODIUM,CHEMBL690,HMG-CoA reductase inhibitor,CC[C@H](C)C(=O)O[C@H]1C[C@H](O)C=C2C=C[C@H](C)[C@H](CC[C@@H](O)C[C@@H](O)CC(=O)[O-])[C@H]21.[Na+]
SIMVASTATIN,CHEMBL1064,HMG-CoA reductase inhibitor,CCC(C)(C)C(=O)O[C@H]1C[C@@H](C)C=C2C=C[C@H](C)[C@H](CC[C@@H]3C[C@@H](O)CC(=O)O3)[C@H]21
VINBLASTINE SULFATE,CHEMBL378544,Tubulin inhibitor,CC[C@]1(O)C[C@@H]2CN(CCc3c([nH]c4ccccc34)[C@@](C(=O)OC)(c3cc4c(cc3OC)N(C)[C@H]3[C@@](O)(C(=O)OC)[C@H](OC(C)=O)[C@]5(CC)C=CCN6CC[C@]43[C@@H]65)C2)C1.O=S(=O)(O)O
ATORVASTATIN CALCIUM,CHEMBL393220,HMG-CoA reductase inhibitor,CC(C)c1c(C(=O)Nc2ccccc2)c(-c2ccccc2)c(-c2ccc(F)cc2)n1CC[C@@H](O)C[C@@H](O)CC(=O)[O-].CC(C)c1c(C(=O)Nc2ccccc2)c(-c2ccccc2)c(-c2ccc(F)cc2)n1CC[C@@H](O)C[C@@H](O)CC(=O)[O-].[Ca+2]
VINCRISTINE SULFATE,CHEMBL501867,Tubulin inhibitor,CC[C@]1(O)C[C@H]2CN(CCc3c([nH]c4ccccc34)[C@@](C(=O)OC)(c3cc4c(cc3OC)N(C=O)[C@H]3[C@@](O)(C(=O)OC)[C@H](OC(C)=O)[C@]5(CC)C=CCN6CC[C@]43[C@@H]65)C2)C1.O=S(=O)(O)O
VINORELBINE TARTRATE,CHEMBL538943,Tubulin inhibitor,CCC1=C[C@@H]2CN(C1)Cc1c([nH]c3ccccc13)[C@@](C(=O)OC)(c1cc3c(cc1OC)N(C)[C@H]1[C@@](O)(C(=O)OC)[C@H](OC(C)=O)[C@]4(CC)C=CCN5CC[C@]31[C@@H]54)C2.O=C(O)C(O)C(O)C(=O)O.O=C(O)C(O)C(O)C(=O)O
CABAZITAXEL,CHEMBL1201748,Tubulin inhibitor,CO[C@H]1C(=O)[C@]2(C)[C@@H](OC)C[C@H]3OC[C@@]3(OC(C)=O)[C@H]2[C@H](OC(=O)c2ccccc2)[C@]2(O)C[C@H](OC(=O)[C@H](O)[C@@H](NC(=O)OC(C)(C)C)c3ccccc3)C(C)=C1C2(C)C
IXABEPILONE,CHEMBL1201752,Tubulin inhibitor,C/C(=C\c1csc(C)n1)[C@@H]1C[C@@H]2O[C@]2(C)CCC[C@H](C)[C@H](O)[C@@H](C)C(=O)C(C)(C)[C@@H](O)CC(=O)N1
ERIBULIN MESYLATE,CHEMBL1683544,Tubulin inhibitor,C=C1C[C@@H]2CC[C@@]34C[C@H]5O[C@H]6[C@@H](O3)[C@H]3O[C@H](CC[C@@H]3O[C@H]6[C@H]5O4)CC(=O)C[C@@H]3[C@@H](OC)[C@@H](C[C@H](O)CN)O[C@H]3C[C@H]3O[C@@H](CC[C@@H]1O2)C[C@@H](C)C3=C.CS(=O)(=O)O
ROSUVASTATIN CALCIUM,CHEMBL1744447,HMG-CoA reductase inhibitor,CC(C)c1nc(N(C)S(C)(=O)=O)nc(-c2ccc(F)cc2)c1/C=C/[C@@H](O)C[C@@H](O)CC(=O)[O-].CC(C)c1nc(N(C)S(C)(=O)=O)nc(-c2ccc(F)cc2)c1/C=C/[C@@H](O)C[C@@H](O)CC(=O)[O-].[Ca+2]
DOCETAXEL,CHEMBL3545252,Tubulin inhibitor,CC(=O)O[C@@]12CO[C@@H]1C[C@H](O)[C@@]1(C)C(=O)[C@H](O)C3=C(C)[C@@H](OC(=O)[C@H](O)[C@@H](NC(=O)OC(C)(C)C)c4ccccc4)C[C@@](O)([C@@H](OC(=O)c4ccccc4)[C@H]21)C3(C)C.O.O.O
PITAVASTATIN SODIUM,CHEMBL3989920,HMG-CoA reductase inhibitor,O=C([O-])C[C@H](O)C[C@H](O)/C=C/c1c(C2CC2)nc2ccccc2c1-c1ccc(F)cc1.[Na+]
PITAVASTATIN MAGNESIUM,CHEMBL3989923,HMG-CoA reductase inhibitor,O=C([O-])C[C@H](O)C[C@H](O)/C=C/c1c(C2CC2)nc2ccccc2c1-c1ccc(F)cc1.O=C([O-])C[C@H](O)C[C@H](O)/C=C/c1c(C2CC2)nc2ccccc2c1-c1ccc(F)cc1.[Mg+2]
THIABENDAZOLE,CHEMBL625,Tubulin inhibitor,c1ccc2[nH]c(-c3cscn3)nc2c1
ALBENDAZOLE,CHEMBL1483,Tubulin inhibitor,CCCSc1ccc2[nH]c(NC(=O)OC)nc2c1
VINFLUNINE,CHEMBL2110725,Tubulin inhibitor,CC[C@]12C=CCN3CC[C@@]4(c5cc([C@@]6(C(=O)OC)C[C@@H]7C[C@@H](C(C)(F)F)CN(Cc8c6[nH]c6ccccc86)C7)c(OC)cc5N(C)[C@H]4[C@@](O)(C(=O)OC)[C@@H]1OC(C)=O)[C@@H]32
VINFLUNINE DITARTRATE,CHEMBL2105629,Tubulin inhibitor,CC[C@]12C=CCN3CC[C@@]4(c5cc([C@@]6(C(=O)OC)C[C@@H]7C[C@@H](C(C)(F)F)CN(Cc8c6[nH]c6ccccc86)C7)c(OC)cc5N(C)[C@H]4[C@@](O)(C(=O)OC)[C@@H]1OC(C)=O)[C@@H]32.O=C(O)C(O)C(O)C(=O)O.O=C(O)C(O)C(O)C(=O)O
BICALUTAMIDE,CHEMBL409,Androgen Receptor antagonist,CC(O)(CS(=O)(=O)c1ccc(F)cc1)C(=O)Nc1ccc(C#N)c(C(F)(F)F)c1
FLUTAMIDE,CHEMBL806,Androgen Receptor antagonist,CC(C)C(=O)Nc1ccc([N+](=O)[O-])c(C(F)(F)F)c1
NILUTAMIDE,CHEMBL1274,Androgen Receptor antagonist,CC1(C)NC(=O)N(c2ccc([N+](=O)[O-])c(C(F)(F)F)c2)C1=O
ENZALUTAMIDE,CHEMBL1082407,Androgen Receptor antagonist,CNC(=O)c1ccc(N2C(=S)N(c3ccc(C#N)c(C(F)(F)F)c3)C(=O)C2(C)C)cc1F
APALUTAMIDE,CHEMBL3183409,Androgen Receptor antagonist,CNC(=O)c1ccc(N2C(=S)N(c3cnc(C#N)c(C(F)(F)F)c3)C(=O)C23CCC3)cc1F
CLASCOTERONE,CHEMBL3590187,Androgen Receptor antagonist,CCC(=O)O[C@]1(C(=O)CO)CC[C@H]2[C@@H]3CCC4=CC(=O)CC[C@]4(C)[C@H]3CC[C@@]21C
DAROLUTAMIDE,CHEMBL4297185,Androgen Receptor antagonist,CC(O)c1cc(C(=O)N[C@@H](C)Cn2ccc(-c3ccc(C#N)c(Cl)c3)n2)n[nH]1
ACETAMINOPHEN,CHEMBL112,Anandamide amidohydrolase inhibitor | Cyclooxygenase inhibitor | Vanilloid receptor opener,CC(=O)Nc1ccc(O)cc1
NAPROXEN,CHEMBL154,Cyclooxygenase inhibitor,COc1ccc2cc([C@H](C)C(=O)O)ccc2c1
DICLOFENAC SODIUM,CHEMBL1034,Cyclooxygenase inhibitor,O=C([O-])Cc1ccccc1Nc1c(Cl)cccc1Cl.[Na+]
NAPROXEN SODIUM,CHEMBL1200806,Cyclooxygenase inhibitor,COc1ccc2cc([C@H](C)C(=O)[O-])ccc2c1.[Na+]
DICLOFENAC EPOLAMINE,CHEMBL1201180,Cyclooxygenase inhibitor,O=C(O)Cc1ccccc1Nc1c(Cl)cccc1Cl.OCCN1CCCC1
REGORAFENIB,CHEMBL1946170,MAP kinase p38 beta inhibitor,CNC(=O)c1cc(Oc2ccc(NC(=O)Nc3ccc(Cl)c(C(F)(F)F)c3)c(F)c2)ccn1
FENOPROFEN CALCIUM,CHEMBL2103736,Cyclooxygenase inhibitor,CC(C(=O)[O-])c1cccc(Oc2ccccc2)c1.CC(C(=O)[O-])c1cccc(Oc2ccccc2)c1.O.O.[Ca+2]
IBUPROFEN SODIUM,CHEMBL3989408,Cyclooxygenase inhibitor,CC(C)Cc1ccc(C(C)C(=O)[O-])cc1.O.O.[Na+]
INDOMETHACIN,CHEMBL6,Cyclooxygenase inhibitor,COc1ccc2c(c1)c(CC(=O)O)c(C)n2C(=O)c1ccc(Cl)cc1
SULFASALAZINE,CHEMBL421,Cyclooxygenase inhibitor,O=C(O)c1cc(/N=N/c2ccc(S(=O)(=O)Nc3ccccn3)cc2)ccc1O
ASPIRIN,CHEMBL25,Cyclooxygenase inhibitor,CC(=O)Oc1ccccc1C(=O)O
IBUPROFEN,CHEMBL521,Cyclooxygenase inhibitor,CC(C)Cc1ccc(C(C)C(=O)O)cc1
FLURBIPROFEN,CHEMBL563,Cyclooxygenase inhibitor,CC(C(=O)O)c1ccc(-c2ccccc2)c(F)c1
SULINDAC,CHEMBL15770,Cyclooxygenase inhibitor,CC1=C(CC(=O)O)c2cc(F)ccc2/C1=C\c1ccc([S+](C)[O-])cc1
DIFLUNISAL,CHEMBL898,Cyclooxygenase inhibitor,O=C(O)c1cc(-c2ccc(F)cc2F)ccc1O
NEPAFENAC,CHEMBL1021,Cyclooxygenase inhibitor,NC(=O)Cc1cccc(C(=O)c2ccccc2)c1N
BISMUTH SUBSALICYLATE,CHEMBL1120,Cyclooxygenase inhibitor,
OXAPROZIN POTASSIUM,CHEMBL1200463,Cyclooxygenase inhibitor,O=C([O-])CCc1nc(-c2ccccc2)c(-c2ccccc2)o1.[K+]
TOLMETIN SODIUM,CHEMBL1200613,Cyclooxygenase inhibitor,Cc1ccc(C(=O)c2ccc(CC(=O)[O-])n2C)cc1.[Na+]
BALSALAZIDE DISODIUM,CHEMBL1200760,Cyclooxygenase inhibitor,O=C([O-])CCNC(=O)c1ccc(/N=N/c2ccc(O)c(C(=O)[O-])c2)cc1.[Na+].[Na+]
DICLOFENAC POTASSIUM,CHEMBL1200804,Cyclooxygenase inhibitor,O=C([O-])Cc1ccccc1Nc1c(Cl)cccc1Cl.[K+]
OLSALAZINE SODIUM,CHEMBL1201013,Cyclooxygenase inhibitor,O=C([O-])c1cc(/N=N/c2ccc(O)c(C(=O)[O-])c2)ccc1O.[Na+].[Na+]
KETOROLAC TROMETHAMINE,CHEMBL1201124,Cyclooxygenase inhibitor,NC(CO)(CO)CO.O=C(c1ccccc1)c1ccc2n1CCC2C(=O)O
MECLOFENAMATE SODIUM,CHEMBL1562610,Cyclooxygenase inhibitor,Cc1ccc(Cl)c(Nc2ccccc2C(=O)[O-])c1Cl.O.[Na+]
BROMFENAC SODIUM,CHEMBL3181947,Cyclooxygenase inhibitor,Nc1c(CC(=O)[O-])cccc1C(=O)c1ccc(Br)cc1.Nc1c(CC(=O)[O-])cccc1C(=O)c1ccc(Br)cc1.O.O.O.[Na+].[Na+]
INDOMETHACIN SODIUM,CHEMBL3989410,Cyclooxygenase inhibitor,COc1ccc2c(c1)c(CC(=O)[O-])c(C)n2C(=O)c1ccc(Cl)cc1.O.O.O.[Na+]
OXYPHENBUTAZONE,CHEMBL3989676,Cyclooxygenase inhibitor,CCCCC1C(=O)N(c2ccccc2)N(c2ccc(O)cc2)C1=O.O
FLURBIPROFEN SODIUM,CHEMBL3989754,Cyclooxygenase inhibitor,CC(C(=O)[O-])c1ccc(-c2ccccc2)c(F)c1.O.O.[Na+]
CLOMETACIN,CHEMBL13376,Cyclooxygenase inhibitor,COc1ccc2c(C(=O)c3ccc(Cl)cc3)c(C)n(CC(=O)O)c2c1
PIROXICAM,CHEMBL527,Cyclooxygenase inhibitor,CN1C(C(=O)Nc2ccccn2)=C(O)c2ccccc2S1(=O)=O
PHENYLBUTAZONE,CHEMBL101,Cyclooxygenase inhibitor,CCCCC1C(=O)N(c2ccccc2)N(c2ccccc2)C1=O
FENCLOFENAC,CHEMBL15677,Cyclooxygenase inhibitor,O=C(O)Cc1ccccc1Oc1ccc(Cl)cc1Cl
KETOPROFEN,CHEMBL571,Cyclooxygenase inhibitor,CC(C(=O)O)c1cccc(C(=O)c2ccccc2)c1
INDOPROFEN,CHEMBL15870,Cyclooxygenase inhibitor,CC(C(=O)O)c1ccc(N2Cc3ccccc3C2=O)cc1
DICLOFENAC,CHEMBL139,Cyclooxygenase inhibitor,O=C(O)Cc1ccccc1Nc1c(Cl)cccc1Cl
MEFENAMIC ACID,CHEMBL686,Cyclooxygenase inhibitor,Cc1cccc(Nc2ccccc2C(=O)O)c1C
MESALAMINE,CHEMBL704,Cyclooxygenase inhibitor,Nc1ccc(O)c(C(=O)O)c1
ISOXICAM,CHEMBL53292,Cyclooxygenase inhibitor,Cc1cc(NC(=O)C2=C(O)c3ccccc3S(=O)(=O)N2C)no1
SUPROFEN,CHEMBL956,Cyclooxygenase inhibitor,CC(C(=O)O)c1ccc(C(=O)c2cccs2)cc1
OXAPROZIN,CHEMBL1071,Cyclooxygenase inhibitor,O=C(O)CCc1nc(-c2ccccc2)c(-c2ccccc2)o1
IBUFENAC,CHEMBL341812,Cyclooxygenase inhibitor,CC(C)Cc1ccc(CC(=O)O)cc1
GLAFENINE,CHEMBL146095,Cyclooxygenase inhibitor,O=C(OCC(O)CO)c1ccccc1Nc1ccnc2cc(Cl)ccc12
PIRPROFEN,CHEMBL188952,Cyclooxygenase inhibitor,CC(C(=O)O)c1ccc(N2CC=CC2)c(Cl)c1
DEXIBUPROFEN,CHEMBL175,Cyclooxygenase inhibitor,CC(C)Cc1ccc([C@H](C)C(=O)O)cc1
IBUPROFEN LYSINE,CHEMBL1201141,Cyclooxygenase inhibitor,CC(C)Cc1ccc(C(C)C(=O)O)cc1.NCCCC[C@H](N)C(=O)O
DIPYRONE,CHEMBL3989803,Cyclooxygenase inhibitor,Cc1c(N(C)CS(=O)(=O)[O-])c(=O)n(-c2ccccc2)n1C.O.[Na+]
LOXOPROFEN,CHEMBL19299,Cyclooxygenase inhibitor,CC(C(=O)O)c1ccc(CC2CCCC2=O)cc1
BETAMETHASONE,CHEMBL632,Glucocorticoid receptor agonist,C[C@H]1C[C@H]2[C@@H]3CCC4=CC(=O)C=C[C@]4(C)[C@@]3(F)[C@@H](O)C[C@]2(C)[C@@]1(O)C(=O)CO
PREDNISONE,CHEMBL635,Glucocorticoid receptor agonist,C[C@]12C=CC(=O)C=C1CC[C@@H]1[C@@H]2C(=O)C[C@@]2(C)[C@H]1CC[C@]2(O)C(=O)CO
CAPSAICIN,CHEMBL294199,Vanilloid receptor opener,COc1cc(CNC(=O)CCCC/C=C/C(C)C)ccc1O
DEXKETOPROFEN,CHEMBL75435,Cyclooxygenase inhibitor,C[C@H](C(=O)O)c1cccc(C(=O)c2ccccc2)c1
ESFLURBIPROFEN,CHEMBL435298,Cyclooxygenase inhibitor,C[C@H](C(=O)O)c1ccc(-c2ccccc2)c(F)c1
HYDROCORTISONE,CHEMBL389621,Glucocorticoid receptor agonist,C[C@]12CCC(=O)C=C1CC[C@@H]1[C@@H]2[C@@H](O)C[C@@]2(C)[C@H]1CC[C@]2(O)C(=O)CO
TRIAMCINOLONE ACETONIDE,CHEMBL1504,Glucocorticoid receptor agonist,CC1(C)O[C@@H]2C[C@H]3[C@@H]4CCC5=CC(=O)C=C[C@]5(C)[C@@]4(F)[C@@H](O)C[C@]3(C)[C@]2(C(=O)CO)O1
HYDROCORTISONE CYPIONATE,CHEMBL1549,Glucocorticoid receptor agonist,C[C@]12CCC(=O)C=C1CC[C@@H]1[C@@H]2[C@@H](O)C[C@@]2(C)[C@H]1CC[C@]2(O)C(=O)COC(=O)CCC1CCCC1
CLOBETASOL PROPIONATE,CHEMBL1159650,Glucocorticoid receptor agonist,CCC(=O)O[C@]1(C(=O)CCl)[C@@H](C)C[C@H]2[C@@H]3CCC4=CC(=O)C=C[C@]4(C)[C@@]3(F)[C@@H](O)C[C@@]21C
HALCINONIDE,CHEMBL1200845,Glucocorticoid receptor agonist,CC1(C)O[C@@H]2C[C@H]3[C@@H]4CCC5=CC(=O)CC[C@]5(C)[C@@]4(F)[C@@H](O)C[C@]3(C)[C@]2(C(=O)CCl)O1
MEDRYSONE,CHEMBL1201173,Glucocorticoid receptor agonist,CC(=O)[C@H]1CC[C@H]2[C@@H]3C[C@H](C)C4=CC(=O)CC[C@]4(C)[C@H]3[C@@H](O)C[C@]12C
DIFLUPREDNATE,CHEMBL1201749,Glucocorticoid receptor agonist,CCCC(=O)O[C@]1(C(=O)COC(C)=O)CC[C@H]2[C@@H]3C[C@H](F)C4=CC(=O)C=C[C@]4(C)[C@@]3(F)[C@@H](O)C[C@@]21C
PREDNISOLONE,CHEMBL131,Glucocorticoid receptor agonist,C[C@]12C=CC(=O)C=C1CC[C@@H]1[C@@H]2[C@@H](O)C[C@@]2(C)[C@H]1CC[C@]2(O)C(=O)CO
FLUNISOLIDE,CHEMBL1512,Glucocorticoid receptor agonist,CC1(C)O[C@@H]2C[C@H]3[C@@H]4C[C@H](F)C5=CC(=O)C=C[C@]5(C)[C@H]4[C@@H](O)C[C@]3(C)[C@]2(C(=O)CO)O1
PARAMETHASONE ACETATE,CHEMBL1200342,Glucocorticoid receptor agonist,CC(=O)OCC(=O)[C@@]1(O)[C@H](C)C[C@H]2[C@@H]3C[C@H](F)C4=CC(=O)C=C[C@]4(C)[C@H]3[C@@H](O)C[C@@]21C
BETAMETHASONE DIPROPIONATE,CHEMBL1200384,Glucocorticoid receptor agonist,CCC(=O)OCC(=O)[C@@]1(OC(=O)CC)[C@@H](C)C[C@H]2[C@@H]3CCC4=CC(=O)C=C[C@]4(C)[C@@]3(F)[C@@H](O)C[C@@]21C
PREDNICARBATE,CHEMBL1200386,Glucocorticoid receptor agonist,CCOC(=O)O[C@]1(C(=O)COC(=O)CC)CC[C@H]2[C@@H]3CCC4=CC(=O)C=C[C@]4(C)[C@H]3[C@@H](O)C[C@@]21C
HYDROCORTISONE SODIUM SUCCINATE,CHEMBL1200495,Glucocorticoid receptor agonist,C[C@]12CCC(=O)C=C1CC[C@@H]1[C@@H]2[C@@H](O)C[C@@]2(C)[C@H]1CC[C@]2(O)C(=O)COC(=O)CCC(=O)[O-].[Na+]
BECLOMETHASONE DIPROPIONATE,CHEMBL1200500,Glucocorticoid receptor agonist,CCC(=O)OCC(=O)[C@@]1(OC(=O)CC)[C@@H](C)C[C@H]2[C@@H]3CCC4=CC(=O)C=C[C@]4(C)[C@@]3(Cl)[C@@H](O)C[C@@]21C
BETAMETHASONE ACETATE,CHEMBL1200538,Glucocorticoid receptor agonist,CC(=O)OCC(=O)[C@@]1(O)[C@@H](C)C[C@H]2[C@@H]3CCC4=CC(=O)C=C[C@]4(C)[C@@]3(F)[C@@H](O)C[C@@]21C
DIFLORASONE DIACETATE,CHEMBL1200545,Glucocorticoid receptor agonist,CC(=O)OCC(=O)[C@@]1(OC(C)=O)[C@@H](C)C[C@H]2[C@@H]3C[C@H](F)C4=CC(=O)C=C[C@]4(C)[C@@]3(F)[C@@H](O)C[C@@]21C
FLUOROMETHOLONE,CHEMBL1200600,Glucocorticoid receptor agonist,CC(=O)[C@@]1(O)CC[C@H]2[C@@H]3C[C@H](C)C4=CC(=O)C=C[C@]4(C)[C@@]3(F)[C@@H](O)C[C@@]21C
HYDROCORTAMATE HYDROCHLORIDE,CHEMBL1200635,Glucocorticoid receptor agonist,CCN(CC)CC(=O)OCC(=O)[C@@]1(O)CC[C@H]2[C@@H]3CCC4=CC(=O)CC[C@]4(C)[C@H]3[C@@H](O)C[C@@]21C.Cl
BETAMETHASONE SODIUM PHOSPHATE,CHEMBL1200762,Glucocorticoid receptor agonist,C[C@H]1C[C@H]2[C@@H]3CCC4=CC(=O)C=C[C@]4(C)[C@@]3(F)[C@@H](O)C[C@]2(C)[C@@]1(O)C(=O)COP(=O)([O-])[O-].[Na+].[Na+]
LOTEPREDNOL ETABONATE,CHEMBL1200865,Glucocorticoid receptor agonist,CCOC(=O)O[C@]1(C(=O)OCCl)CC[C@H]2[C@@H]3CCC4=CC(=O)C=C[C@]4(C)[C@H]3[C@@H](O)C[C@@]21C
FLUMETHASONE PIVALATE,CHEMBL1200877,Glucocorticoid receptor agonist,C[C@@H]1C[C@H]2[C@@H]3C[C@H](F)C4=CC(=O)C=C[C@]4(C)[C@@]3(F)[C@@H](O)C[C@]2(C)[C@@]1(O)C(=O)COC(=O)C(C)(C)C
HALOBETASOL PROPIONATE,CHEMBL1200908,Glucocorticoid receptor agonist,CCC(=O)O[C@]1(C(=O)CCl)[C@@H](C)C[C@H]2[C@@H]3C[C@H](F)C4=CC(=O)C=C[C@]4(C)[C@@]3(F)[C@@H](O)C[C@@]21C
PREDNISOLONE TEBUTATE,CHEMBL1200909,Glucocorticoid receptor agonist,CC(C)(C)CC(=O)OCC(=O)[C@@]1(O)CC[C@H]2[C@@H]3CCC4=CC(=O)C=C[C@]4(C)[C@H]3[C@@H](O)C[C@@]21C
HYDROCORTISONE SODIUM PHOSPHATE,CHEMBL1200968,Glucocorticoid receptor agonist,C[C@]12CCC(=O)C=C1CC[C@@H]1[C@@H]2[C@@H](O)C[C@@]2(C)[C@H]1CC[C@]2(O)C(=O)COP(=O)([O-])[O-].[Na+].[Na+]
METHYLPREDNISOLONE SODIUM SUCCINATE,CHEMBL1201081,Glucocorticoid receptor agonist,C[C@H]1C[C@@H]2[C@H]([C@@H](O)C[C@@]3(C)[C@H]2CC[C@]3(O)C(=O)COC(=O)CCC(=O)[O-])[C@@]2(C)C=CC(=O)C=C12.[Na+]
DESONIDE,CHEMBL1201109,Glucocorticoid receptor agonist,CC1(C)O[C@@H]2C[C@H]3[C@@H]4CCC5=CC(=O)C=C[C@]5(C)[C@H]4[C@@H](O)C[C@]3(C)[C@]2(C(=O)CO)O1
DEXAMETHASONE SODIUM PHOSPHATE,CHEMBL2021430,Glucocorticoid receptor agonist,C[C@@H]1C[C@H]2[C@@H]3CCC4=CC(=O)C=C[C@]4(C)[C@@]3(F)[C@@H](O)C[C@]2(C)[C@@]1(O)C(=O)COP(=O)([O-])[O-].[Na+].[Na+]
METHYLPREDNISOLONE,CHEMBL650,Glucocorticoid receptor agonist,C[C@H]1C[C@@H]2[C@H]([C@@H](O)C[C@@]3(C)[C@H]2CC[C@]3(O)C(=O)CO)[C@@]2(C)C=CC(=O)C=C12
HYDROCORTISONE ACETATE,CHEMBL1091,Glucocorticoid receptor agonist,CC(=O)OCC(=O)[C@@]1(O)CC[C@H]2[C@@H]3CCC4=CC(=O)CC[C@]4(C)[C@H]3[C@@H](O)C[C@@]21C
MOMETASONE FUROATE,CHEMBL1161,Glucocorticoid receptor agonist,C[C@@H]1C[C@H]2[C@@H]3CCC4=CC(=O)C=C[C@]4(C)[C@@]3(Cl)[C@@H](O)C[C@]2(C)[C@@]1(OC(=O)c1ccco1)C(=O)CCl
TRIAMCINOLONE,CHEMBL1451,Glucocorticoid receptor agonist,C[C@]12C=CC(=O)C=C1CC[C@H]1[C@@H]3C[C@@H](O)[C@](O)(C(=O)CO)[C@@]3(C)C[C@H](O)[C@@]12F
FLUOCINONIDE,CHEMBL1501,Glucocorticoid receptor agonist,CC(=O)OCC(=O)[C@@]12OC(C)(C)O[C@@H]1C[C@H]1[C@@H]3C[C@H](F)C4=CC(=O)C=C[C@]4(C)[C@@]3(F)[C@@H](O)C[C@@]12C
FLUTICASONE FUROATE,CHEMBL1676,Glucocorticoid receptor agonist,C[C@@H]1C[C@H]2[C@@H]3C[C@H](F)C4=CC(=O)C=C[C@]4(C)[C@@]3(F)[C@@H](O)C[C@]2(C)[C@@]1(OC(=O)c1ccco1)C(=O)SCF
HYDROCORTISONE BUTYRATE,CHEMBL1683,Glucocorticoid receptor agonist,CCCC(=O)O[C@]1(C(=O)CO)CC[C@H]2[C@@H]3CCC4=CC(=O)CC[C@]4(C)[C@H]3[C@@H](O)C[C@@]21C
DESOXIMETASONE,CHEMBL1766,Glucocorticoid receptor agonist,C[C@@H]1C[C@H]2[C@@H]3CCC4=CC(=O)C=C[C@]4(C)[C@@]3(F)[C@@H](O)C[C@]2(C)[C@H]1C(=O)CO
BETAMETHASONE BENZOATE,CHEMBL1200376,Glucocorticoid receptor agonist,C[C@H]1C[C@H]2[C@@H]3CCC4=CC(=O)C=C[C@]4(C)[C@@]3(F)[C@@H](O)C[C@]2(C)[C@@]1(OC(=O)c1ccccc1)C(=O)CO
TRIAMCINOLONE DIACETATE,CHEMBL1200449,Glucocorticoid receptor agonist,CC(=O)OCC(=O)[C@@]1(O)[C@H](OC(C)=O)C[C@H]2[C@@H]3CCC4=CC(=O)C=C[C@]4(C)[C@@]3(F)[C@@H](O)C[C@@]21C
HYDROCORTISONE VALERATE,CHEMBL1200562,Glucocorticoid receptor agonist,CCCCC(=O)O[C@]1(C(=O)CO)CC[C@H]2[C@@H]3CCC4=CC(=O)CC[C@]4(C)[C@H]3[C@@H](O)C[C@@]21C
AMCINONIDE,CHEMBL1200732,Glucocorticoid receptor agonist,CC(=O)OCC(=O)[C@@]12OC3(CCCC3)O[C@@H]1C[C@H]1[C@@H]3CCC4=CC(=O)C=C[C@]4(C)[C@@]3(F)[C@@H](O)C[C@@]12C
FLUPREDNISOLONE,CHEMBL1200774,Glucocorticoid receptor agonist,C[C@]12C=CC(=O)C=C1[C@@H](F)C[C@@H]1[C@@H]2[C@@H](O)C[C@@]2(C)[C@H]1CC[C@]2(O)C(=O)CO
TRIAMCINOLONE HEXACETONIDE,CHEMBL1200878,Glucocorticoid receptor agonist,CC(C)(C)CC(=O)OCC(=O)[C@@]12OC(C)(C)O[C@@H]1C[C@H]1[C@@H]3CCC4=CC(=O)C=C[C@]4(C)[C@@]3(F)[C@@H](O)C[C@@]12C
CLOCORTOLONE PIVALATE,CHEMBL1200975,Glucocorticoid receptor agonist,C[C@@H]1C[C@H]2[C@@H]3C[C@H](F)C4=CC(=O)C=C[C@]4(C)[C@@]3(Cl)[C@@H](O)C[C@]2(C)[C@H]1C(=O)COC(=O)C(C)(C)C
ALCLOMETASONE DIPROPIONATE,CHEMBL1200989,Glucocorticoid receptor agonist,CCC(=O)OCC(=O)[C@@]1(OC(=O)CC)[C@H](C)C[C@H]2[C@H]3[C@H]([C@@H](O)C[C@@]21C)[C@@]1(C)C=CC(=O)C=C1C[C@H]3Cl
PREDNISOLONE SODIUM PHOSPHATE,CHEMBL1201014,Glucocorticoid receptor agonist,C[C@]12C=CC(=O)C=C1CC[C@@H]1[C@@H]2[C@@H](O)C[C@@]2(C)[C@H]1CC[C@]2(O)C(=O)COP(=O)([O-])[O-].[Na+].[Na+]
FLUOROMETHOLONE ACETATE,CHEMBL1201064,Glucocorticoid receptor agonist,CC(=O)O[C@]1(C(C)=O)CC[C@H]2[C@@H]3C[C@H](C)C4=CC(=O)C=C[C@]4(C)[C@@]3(F)[C@@H](O)C[C@@]21C
MEPREDNISONE,CHEMBL1201148,Glucocorticoid receptor agonist,C[C@H]1C[C@H]2[C@@H]3CCC4=CC(=O)C=C[C@]4(C)[C@H]3C(=O)C[C@]2(C)[C@@]1(O)C(=O)CO
DEXAMETHASONE ACETATE,CHEMBL1530428,Glucocorticoid receptor agonist,CC(=O)OCC(=O)[C@@]1(O)[C@H](C)C[C@H]2[C@@H]3CCC4=CC(=O)C=C[C@]4(C)[C@@]3(F)[C@@H](O)C[C@@]21C
NITROGLYCERIN,CHEMBL730,Soluble guanylate cyclase activator,O=[N+]([O-])OCC(CO[N+](=O)[O-])O[N+](=O)[O-]
FLUOCINOLONE ACETONIDE,CHEMBL989,Glucocorticoid receptor agonist,CC1(C)O[C@@H]2C[C@H]3[C@@H]4C[C@H](F)C5=CC(=O)C=C[C@]5(C)[C@@]4(F)[C@@H](O)C[C@]3(C)[C@]2(C(=O)CO)O1
PREDNISOLONE ACETATE,CHEMBL1152,Glucocorticoid receptor agonist,CC(=O)OCC(=O)[C@@]1(O)CC[C@H]2[C@@H]3CCC4=CC(=O)C=C[C@]4(C)[C@H]3[C@@H](O)C[C@@]21C
BUDESONIDE,CHEMBL1370,Glucocorticoid receptor agonist,CCCC1O[C@@H]2C[C@H]3[C@@H]4CCC5=CC(=O)C=C[C@]5(C)[C@H]4[C@@H](O)C[C@]3(C)[C@]2(C(=O)CO)O1
DEXAMETHASONE,CHEMBL384467,Glucocorticoid receptor agonist,C[C@@H]1C[C@H]2[C@@H]3CCC4=CC(=O)C=C[C@]4(C)[C@@]3(F)[C@@H](O)C[C@]2(C)[C@@]1(O)C(=O)CO
FLUTICASONE PROPIONATE,CHEMBL1473,Glucocorticoid receptor agonist,CCC(=O)O[C@]1(C(=O)SCF)[C@H](C)C[C@H]2[C@@H]3C[C@H](F)C4=CC(=O)C=C[C@]4(C)[C@@]3(F)[C@@H](O)C[C@@]21C
BETAMETHASONE VALERATE,CHEMBL1497,Glucocorticoid receptor agonist,CCCCC(=O)O[C@]1(C(=O)CO)[C@@H](C)C[C@H]2[C@@H]3CCC4=CC(=O)C=C[C@]4(C)[C@@]3(F)[C@@H](O)C[C@@]21C
CORTISONE ACETATE,CHEMBL1650,Glucocorticoid receptor agonist,CC(=O)OCC(=O)[C@@]1(O)CC[C@H]2[C@@H]3CCC4=CC(=O)CC[C@]4(C)[C@H]3C(=O)C[C@@]21C
RIMEXOLONE,CHEMBL1200617,Glucocorticoid receptor agonist,CCC(=O)[C@@]1(C)[C@H](C)C[C@H]2[C@@H]3CCC4=CC(=O)C=C[C@]4(C)[C@H]3[C@@H](O)C[C@@]21C
NITRIC OXIDE,CHEMBL1200689,Soluble guanylate cyclase activator,[N]=O
HYDROCORTISONE PROBUTATE,CHEMBL1200953,Glucocorticoid receptor agonist,CCCC(=O)O[C@]1(C(=O)COC(=O)CC)CC[C@H]2[C@@H]3CCC4=CC(=O)CC[C@]4(C)[C@H]3[C@@H](O)C[C@@]21C
FLURANDRENOLIDE,CHEMBL1201012,Glucocorticoid receptor agonist,CC1(C)O[C@@H]2C[C@H]3[C@@H]4C[C@H](F)C5=CC(=O)CC[C@]5(C)[C@H]4[C@@H](O)C[C@]3(C)[C@]2(C(=O)CO)O1
DEFLAZACORT,CHEMBL1201891,Glucocorticoid receptor agonist,CC(=O)OCC(=O)[C@@]12N=C(C)O[C@@H]1C[C@H]1[C@@H]3CCC4=CC(=O)C=C[C@]4(C)[C@H]3[C@@H](O)C[C@@]12C
METHYLPREDNISOLONE ACETATE,CHEMBL1364144,Glucocorticoid receptor agonist,CC(=O)OCC(=O)[C@@]1(O)CC[C@H]2[C@@H]3C[C@H](C)C4=CC(=O)C=C[C@]4(C)[C@H]3[C@@H](O)C[C@@]21C
CICLESONIDE,CHEMBL2040682,Glucocorticoid receptor agonist,CC(C)C(=O)OCC(=O)[C@@]12O[C@H](C3CCCCC3)O[C@@H]1C[C@H]1[C@@H]3CCC4=CC(=O)C=C[C@]4(C)[C@H]3[C@@H](O)C[C@@]12C
VAMOROLONE,CHEMBL2348780,Glucocorticoid receptor agonist,C[C@@H]1C[C@H]2[C@@H]3CCC4=CC(=O)C=C[C@]4(C)C3=CC[C@]2(C)[C@@]1(O)C(=O)CO
ISOSORBIDE DINITRATE,CHEMBL6622,Soluble guanylate cyclase activator,O=[N+]([O-])O[C@H]1CO[C@H]2[C@@H]1OC[C@H]2O[N+](=O)[O-]
DIAZEPAM,CHEMBL12,GABA-A receptor; anion channel positive allosteric modulator,CN1C(=O)CN=C(c2ccccc2)c2cc(Cl)ccc21
CHLORDIAZEPOXIDE,CHEMBL451,GABA-A receptor; anion channel positive allosteric modulator,CNC1=Nc2ccc(Cl)cc2C(c2ccccc2)=[N+]([O-])C1
CLONAZEPAM,CHEMBL452,GABA-A receptor; anion channel positive allosteric modulator,O=C1CN=C(c2ccccc2Cl)c2cc([N+](=O)[O-])ccc2N1
BUTALBITAL,CHEMBL454,GABA-A receptor; anion channel positive allosteric modulator,C=CCC1(CC(C)C)C(=O)NC(=O)NC1=O
OXAZEPAM,CHEMBL568,GABA-A receptor; anion channel positive allosteric modulator,O=C1Nc2ccc(Cl)cc2C(c2ccccc2)=NC1O
TRIAZOLAM,CHEMBL646,GABA-A receptor; anion channel positive allosteric modulator,Cc1nnc2n1-c1ccc(Cl)cc1C(c1ccccc1Cl)=NC2
ALPRAZOLAM,CHEMBL661,GABA-A receptor; anion channel positive allosteric modulator,Cc1nnc2n1-c1ccc(Cl)cc1C(c1ccccc1)=NC2
CLOBAZAM,CHEMBL70418,GABA-A receptor; anion channel positive allosteric modulator,CN1C(=O)CC(=O)N(c2ccccc2)c2cc(Cl)ccc21
SODIUM NITROPRUSSIDE,CHEMBL136478,Soluble guanylate cyclase activator,
ISOSORBIDE MONONITRATE,CHEMBL1311,Soluble guanylate cyclase activator,O=[N+]([O-])O[C@@H]1CO[C@H]2[C@@H]1OC[C@@H]2O
ESZOPICLONE,CHEMBL1522,GABA-A receptor; anion channel positive allosteric modulator,CN1CCN(C(=O)O[C@H]2c3nccnc3C(=O)N2c2ccc(Cl)cn2)CC1
CHLORDIAZEPOXIDE HYDROCHLORIDE,CHEMBL1200703,GABA-A receptor; anion channel positive allosteric modulator,CNC1=Nc2ccc(Cl)cc2C(c2ccccc2)=[N+]([O-])C1.Cl
CLORAZEPATE DIPOTASSIUM,CHEMBL2096631,GABA-A receptor; anion channel positive allosteric modulator,O=C([O-])C1N=C(c2ccccc2)c2cc(Cl)ccc2NC1=O.[K+].[K+].[OH-]
VERICIGUAT,CHEMBL4066936,Soluble guanylate cyclase activator,COC(=O)Nc1c(N)nc(-c2nn(Cc3ccccc3F)c3ncc(F)cc23)nc1N
PENTOBARBITAL,CHEMBL448,GABA-A receptor; anion channel positive allosteric modulator,CCCC(C)C1(CC)C(=O)NC(=O)NC1=O
METHARBITAL,CHEMBL450,GABA-A receptor; anion channel positive allosteric modulator,CCC1(CC)C(=O)NC(=O)N(C)C1=O
PROPOFOL,CHEMBL526,GABA-A receptor; anion channel positive allosteric modulator,CC(C)c1cccc(C(C)C)c1O
LORAZEPAM,CHEMBL580,GABA-A receptor; anion channel positive allosteric modulator,O=C1Nc2ccc(Cl)cc2C(c2ccccc2Cl)=NC1O
THIOPENTAL SODIUM,CHEMBL738,GABA-A receptor; anion channel positive allosteric modulator,CCCC(C)C1(CC)C(=O)[N-]C(=S)NC1=O.[Na+]
METHOHEXITAL SODIUM,CHEMBL30219,GABA-A receptor; anion channel positive allosteric modulator,C=CCC1(C(C)C#CCC)C(=O)N=C([O-])N(C)C1=O.[Na+]
ESTAZOLAM,CHEMBL285674,GABA-A receptor; anion channel positive allosteric modulator,Clc1ccc2c(c1)C(c1ccccc1)=NCc1nncn1-2
PRIMIDONE,CHEMBL856,GABA-A receptor; anion channel positive allosteric modulator,CCC1(c2ccccc2)C(=O)NCNC1=O
TEMAZEPAM,CHEMBL967,GABA-A receptor; anion channel positive allosteric modulator,CN1C(=O)C(O)N=C(c2ccccc2)c2cc(Cl)ccc21
PRAZEPAM,CHEMBL969,GABA-A receptor; anion channel positive allosteric modulator,O=C1CN=C(c2ccccc2)c2cc(Cl)ccc2N1CC1CC1
PENTOBARBITAL SODIUM,CHEMBL971,GABA-A receptor; anion channel positive allosteric modulator,CCCC(C)C1(CC)C(=O)N=C([O-])NC1=O.[Na+]
MIDAZOLAM HYDROCHLORIDE,CHEMBL1200420,GABA-A receptor; anion channel positive allosteric modulator,Cc1ncc2n1-c1ccc(Cl)cc1C(c1ccccc1F)=NC2.Cl
QUAZEPAM,CHEMBL1200472,GABA-A receptor; anion channel positive allosteric modulator,Fc1ccccc1C1=NCC(=S)N(CC(F)(F)F)c2ccc(Cl)cc21
SEVOFLURANE,CHEMBL1200694,GABA-A receptor; anion channel positive allosteric modulator | Glycine receptor (alpha-1/beta) positive modulator | Potassium channel subfamily K member 10 opener | Potassium channel subfamily K member 18 opener | Potassium channel subfamily K member 2 opener | Potassium channel subfamily K member 3 opener | Potassium channel subfamily K member 9 opener,FCOC(C(F)(F)F)C(F)(F)F
DESFLURANE,CHEMBL1200733,GABA-A receptor; anion channel positive allosteric modulator | Glycine receptor (alpha-1/beta) positive modulator | Potassium channel subfamily K member 10 opener | Potassium channel subfamily K member 18 opener | Potassium channel subfamily K member 2 opener | Potassium channel subfamily K member 3 opener | Potassium channel subfamily K member 9 opener,FC(F)OC(F)C(F)(F)F
METHYPRYLON,CHEMBL1200790,GABA-A receptor; anion channel positive allosteric modulator,CCC1(CC)C(=O)NCC(C)C1=O
TALBUTAL,CHEMBL1200802,GABA-A receptor; anion channel positive allosteric modulator,C=CCC1(C(C)CC)C(=O)NC(=O)NC1=O
SECOBARBITAL SODIUM,CHEMBL1200903,GABA-A receptor; anion channel positive allosteric modulator,C=CCC1(C(C)CCC)C(=O)[N-]C(=O)NC1=O.[Na+]
BUTABARBITAL SODIUM,CHEMBL1200982,GABA-A receptor; anion channel positive allosteric modulator,CCC(C)C1(CC)C(=O)[N-]C(=O)NC1=O.[Na+]
THIAMYLAL SODIUM,CHEMBL1201065,GABA-A receptor; anion channel positive allosteric modulator,C=CCC1(C(C)CCC)C(=O)[N-]C(=S)NC1=O.[Na+]
FLUNITRAZEPAM,CHEMBL13280,GABA-A receptor; anion channel positive allosteric modulator,CN1C(=O)CN=C(c2ccccc2F)c2cc([N+](=O)[O-])ccc21
METHAQUALONE,CHEMBL282052,GABA-A receptor; anion channel positive allosteric modulator,Cc1ccccc1-n1c(C)nc2ccccc2c1=O
CHLORAMPHENICOL,CHEMBL130,Bacterial 70S ribosome inhibitor,O=C(N[C@H](CO)[C@H](O)c1ccc([N+](=O)[O-])cc1)C(Cl)Cl
MIDAZOLAM,CHEMBL655,GABA-A receptor; anion channel positive allosteric modulator,Cc1ncc2n1-c1ccc(Cl)cc1C(c1ccccc1F)=NC2
HALOTHANE,CHEMBL931,GABA-A receptor; anion channel positive allosteric modulator | Glycine receptor (alpha-1/beta) positive modulator | Potassium channel subfamily K member 10 opener | Potassium channel subfamily K member 18 opener | Potassium channel subfamily K member 2 opener | Potassium channel subfamily K member 3 opener | Potassium channel subfamily K member 9 opener,FC(F)(F)C(Cl)Br
HALAZEPAM,CHEMBL970,GABA-A receptor; anion channel positive allosteric modulator,O=C1CN=C(c2ccccc2)c2cc(Cl)ccc2N1CC(F)(F)F
ISOFLURANE,CHEMBL1256,GABA-A receptor; anion channel positive allosteric modulator | Glycine receptor (alpha-1/beta) positive modulator | Potassium channel subfamily K member 10 opener | Potassium channel subfamily K member 18 opener | Potassium channel subfamily K member 2 opener | Potassium channel subfamily K member 3 opener | Potassium channel subfamily K member 9 opener,FC(F)OC(Cl)C(F)(F)F
ENFLURANE,CHEMBL1257,Glycine receptor (alpha-1/beta) positive modulator | Potassium channel subfamily K member 10 opener | Potassium channel subfamily K member 18 opener | Potassium channel subfamily K member 2 opener | Potassium channel subfamily K member 3 opener | Potassium channel subfamily K member 9 opener,FC(F)OC(F)(F)C(F)Cl
BREXANOLONE,CHEMBL207538,GABA-A receptor; anion channel positive allosteric modulator,CC(=O)[C@H]1CC[C@H]2[C@@H]3CC[C@H]4C[C@H](O)CC[C@]4(C)[C@H]3CC[C@]12C
GANAXOLONE,CHEMBL1568698,GABA-A receptor; anion channel positive allosteric modulator,CC(=O)[C@H]1CC[C@H]2[C@@H]3CC[C@H]4C[C@](C)(O)CC[C@]4(C)[C@H]3CC[C@]12C
TETRAZEPAM,CHEMBL2105527,GABA-A receptor; anion channel positive allosteric modulator,CN1C(=O)CN=C(C2=CCCCC2)c2cc(Cl)ccc21
METHAQUALONE HYDROCHLORIDE,CHEMBL2106829,GABA-A receptor; anion channel positive allosteric modulator,Cc1ccccc1-n1c(C)nc2ccccc2c1=O.Cl
FLURAZEPAM HYDROCHLORIDE,CHEMBL3989724,GABA-A receptor; anion channel positive allosteric modulator,CCN(CC)CCN1C(=O)CN=C(c2ccccc2F)c2cc(Cl)ccc21.Cl.Cl
CENOBAMATE,CHEMBL3989949,GABA-A receptor; anion channel positive allosteric modulator,NC(=O)O[C@@H](Cn1ncnn1)c1ccccc1Cl
ZURANOLONE,CHEMBL4105630,GABA-A receptor; anion channel positive allosteric modulator,C[C@@]1(O)CC[C@H]2[C@H](CC[C@@H]3[C@@H]2CC[C@]2(C)[C@@H](C(=O)Cn4cc(C#N)cn4)CC[C@@H]32)C1
REMIMAZOLAM BESYLATE,CHEMBL4594301,GABA-A receptor; anion channel positive allosteric modulator,COC(=O)CC[C@@H]1N=C(c2ccccn2)c2cc(Br)ccc2-n2c(C)cnc21.O=S(=O)(O)c1ccccc1
TELITHROMYCIN,CHEMBL1136,Bacterial 70S ribosome inhibitor,CC[C@H]1OC(=O)[C@H](C)C(=O)[C@H](C)[C@@H](O[C@@H]2O[C@H](C)C[C@H](N(C)C)[C@H]2O)[C@](C)(OC)C[C@@H](C)C(=O)[C@H](C)[C@H]2N(CCCCn3cnc(-c4cccnc4)c3)C(=O)O[C@]12C
TIGECYCLINE,CHEMBL376140,Bacterial 70S ribosome inhibitor,CN(C)c1cc(NC(=O)CNC(C)(C)C)c(O)c2c1C[C@H]1C[C@H]3[C@H](N(C)C)C(O)=C(C(N)=O)C(=O)[C@@]3(O)C(O)=C1C2=O
TETRACYCLINE,CHEMBL1440,Bacterial 70S ribosome inhibitor,CN(C)[C@@H]1C(O)=C(C(N)=O)C(=O)[C@@]2(O)C(O)=C3C(=O)c4c(O)cccc4[C@@](C)(O)[C@H]3C[C@@H]12
KANAMYCIN SULFATE,CHEMBL1446,Bacterial 70S ribosome inhibitor,NC[C@H]1O[C@H](O[C@H]2[C@H](O)[C@@H](O[C@H]3O[C@H](CO)[C@@H](O)[C@H](N)[C@H]3O)[C@H](N)C[C@@H]2N)[C@H](O)[C@@H](O)[C@@H]1O.O=S(=O)(O)O
OXYTETRACYCLINE,CHEMBL1517,Bacterial 70S ribosome inhibitor,CN(C)[C@@H]1C(O)=C(C(N)=O)C(=O)[C@@]2(O)C(O)=C3C(=O)c4c(O)cccc4[C@@](C)(O)[C@H]3[C@H](O)[C@@H]12
TETRACYCLINE HYDROCHLORIDE,CHEMBL454950,Bacterial 70S ribosome inhibitor,CN(C)[C@@H]1C(O)=C(C(N)=O)C(=O)[C@@]2(O)C(O)=C3C(=O)c4c(O)cccc4[C@@](C)(O)[C@H]3C[C@@H]12.Cl
DEMECLOCYCLINE HYDROCHLORIDE,CHEMBL1200474,Bacterial 70S ribosome inhibitor,CN(C)[C@@H]1C(O)=C(C(N)=O)C(=O)[C@@]2(O)C(O)=C3C(=O)c4c(O)ccc(Cl)c4[C@@H](O)[C@H]3C[C@@H]12.Cl
ERYTHROMYCIN LACTOBIONATE,CHEMBL1200506,Bacterial 70S ribosome inhibitor,CC[C@H]1OC(=O)[C@H](C)[C@@H](O[C@H]2C[C@@](C)(OC)[C@@H](O)[C@H](C)O2)[C@H](C)[C@@H](O[C@@H]2O[C@H](C)C[C@H](N(C)C)[C@H]2O)[C@](C)(O)C[C@@H](C)C(=O)[C@H](C)[C@@H](O)[C@]1(C)O.O=C(O)[C@H](O)[C@@H](O)[C@H](O[C@@H]1O[C@H](CO)[C@H](O)[C@H](O)[C@H]1O)[C@H](O)CO
ERYTHROMYCIN STEARATE,CHEMBL1200510,Bacterial 70S ribosome inhibitor,CCCCCCCCCCCCCCCCCC(=O)O.CC[C@H]1OC(=O)[C@H](C)[C@@H](O[C@H]2C[C@@](C)(OC)[C@@H](O)[C@H](C)O2)[C@H](C)[C@@H](O[C@@H]2O[C@H](C)C[C@H](N(C)C)[C@H]2O)[C@](C)(O)C[C@@H](C)C(=O)[C@H](C)[C@@H](O)[C@]1(C)O
CLINDAMYCIN HYDROCHLORIDE,CHEMBL1200588,Bacterial 70S ribosome inhibitor,CCC[C@@H]1C[C@@H](C(=O)N[C@@H]([C@H]2O[C@H](SC)[C@H](O)[C@@H](O)[C@H]2O)[C@H](C)Cl)N(C)C1.Cl
CLINDAMYCIN PALMITATE HYDROCHLORIDE,CHEMBL1200632,Bacterial 70S ribosome inhibitor,CCCCCCCCCCCCCCCC(=O)O[C@@H]1[C@@H](O)[C@@H](O)[C@@H]([C@H](NC(=O)[C@@H]2C[C@@H](CCC)CN2C)[C@H](C)Cl)O[C@@H]1SC.Cl
CHLORAMPHENICOL SODIUM SUCCINATE,CHEMBL1200729,Bacterial 70S ribosome inhibitor,O=C([O-])CCC(=O)OC[C@@H](NC(=O)C(Cl)Cl)[C@H](O)c1ccc([N+](=O)[O-])cc1.[Na+]
DALFOPRISTIN,CHEMBL1200937,Bacterial 70S ribosome inhibitor,CCN(CC)CCS(=O)(=O)[C@@H]1CCN2C(=O)c3coc(n3)CC(=O)C[C@H](O)/C=C(C)/C=C/CNC(=O)/C=C/[C@@H](C)[C@@H](C(C)C)OC(=O)[C@@H]12
DIRITHROMYCIN,CHEMBL1237072,Bacterial 70S ribosome inhibitor,CC[C@H]1OC(=O)[C@H](C)[C@@H](O[C@H]2C[C@@](C)(OC)[C@@H](O)[C@H](C)O2)[C@H](C)[C@@H](O[C@@H]2O[C@H](C)C[C@H](N(C)C)[C@H]2O)[C@](C)(O)C[C@@H](C)[C@@H]2N[C@@H](COCCOC)O[C@H]([C@H]2C)[C@]1(C)O
METHACYCLINE HYDROCHLORIDE,CHEMBL2146123,Bacterial 70S ribosome inhibitor,C=C1c2cccc(O)c2C(=O)C2=C(O)[C@]3(O)C(=O)C(C(N)=O)=C(O)[C@@H](N(C)C)[C@@H]3[C@@H](O)[C@H]12.Cl
CLINDAMYCIN PHOSPHATE,CHEMBL3184512,Bacterial 70S ribosome inhibitor,CCC[C@@H]1C[C@@H](C(=O)N[C@@H]([C@H]2O[C@H](SC)[C@H](OP(=O)(O)O)[C@@H](O)[C@H]2O)[C@H](C)Cl)N(C)C1
STREPTOMYCIN SULFATE,CHEMBL3184791,Bacterial 70S ribosome inhibitor,CN[C@@H]1[C@H](O[C@H]2[C@H](O[C@H]3[C@H](O)[C@@H](O)[C@H](N=C(N)N)[C@@H](O)[C@@H]3N=C(N)N)O[C@@H](C)[C@]2(O)C=O)O[C@@H](CO)[C@H](O)[C@H]1O.CN[C@@H]1[C@H](O[C@H]2[C@H](O[C@H]3[C@H](O)[C@@H](O)[C@H](N=C(N)N)[C@@H](O)[C@@H]3N=C(N)N)O[C@@H](C)[C@]2(O)C=O)O[C@@H](CO)[C@H](O)[C@H]1O.O=S(=O)(O)O.O=S(=O)(O)O.O=S(=O)(O)O
ERYTHROMYCIN GLUCEPTATE,CHEMBL3545060,Bacterial 70S ribosome inhibitor,CC[C@H]1OC(=O)[C@H](C)[C@@H](O[C@H]2C[C@@](C)(OC)[C@@H](O)[C@H](C)O2)[C@H](C)[C@@H](O[C@@H]2O[C@H](C)C[C@H](N(C)C)[C@H]2O)[C@](C)(O)C[C@@H](C)C(=O)[C@H](C)[C@@H](O)[C@]1(C)O.O=C(O)[C@H](O)[C@H](O)[C@@H](O)[C@H](O)[C@H](O)CO
OXYTETRACYCLINE CALCIUM,CHEMBL3989568,Bacterial 70S ribosome inhibitor,CN(C)[C@@H]1C([O-])=C(C(N)=O)C(=O)[C@@]2(O)C(O)=C3C(=O)c4c(O)cccc4[C@@](C)(O)[C@H]3[C@H](O)[C@@H]12.CN(C)[C@@H]1C([O-])=C(C(N)=O)C(=O)[C@@]2(O)C(O)=C3C(=O)c4c(O)cccc4[C@@](C)(O)[C@H]3[C@H](O)[C@@H]12.[Ca+2]
AMIKACIN SULFATE,CHEMBL4208954,Bacterial 70S ribosome inhibitor,NCC[C@H](O)C(=O)N[C@@H]1C[C@H](N)[C@@H](O[C@H]2O[C@H](CN)[C@@H](O)[C@H](O)[C@H]2O)[C@H](O)[C@H]1O[C@H]1O[C@H](CO)[C@@H](O)[C@H](N)[C@H]1O.O=S(=O)(O)O.O=S(=O)(O)O
AZITHROMYCIN,CHEMBL529,Bacterial 70S ribosome inhibitor,CC[C@H]1OC(=O)[C@H](C)[C@@H](O[C@H]2C[C@@](C)(OC)[C@@H](O)[C@H](C)O2)[C@H](C)[C@@H](O[C@@H]2O[C@H](C)C[C@H](N(C)C)[C@H]2O)[C@](C)(O)C[C@@H](C)CN(C)[C@H](C)[C@@H](O)[C@]1(C)O
ERYTHROMYCIN,CHEMBL532,Bacterial 70S ribosome inhibitor,CC[C@H]1OC(=O)[C@H](C)[C@@H](O[C@H]2C[C@@](C)(OC)[C@@H](O)[C@H](C)O2)[C@H](C)[C@@H](O[C@@H]2O[C@H](C)C[C@H](N(C)C)[C@H]2O)[C@](C)(O)C[C@@H](C)C(=O)[C@H](C)[C@@H](O)[C@]1(C)O
LINEZOLID,CHEMBL126,Bacterial 70S ribosome inhibitor,CC(=O)NC[C@H]1CN(c2ccc(N3CCOCC3)c(F)c2)C(=O)O1
MECLOCYCLINE SULFOSALICYLATE,CHEMBL261772,Bacterial 70S ribosome inhibitor,C=C1c2c(Cl)ccc(O)c2C(=O)C2=C(O)[C@]3(O)C(=O)C(C(N)=O)=C(O)[C@@H](N(C)C)[C@@H]3[C@@H](O)[C@H]12.O=C(O)c1cc(S(=O)(=O)O)ccc1O
CLARITHROMYCIN,CHEMBL1741,Bacterial 70S ribosome inhibitor,CC[C@H]1OC(=O)[C@H](C)[C@@H](O[C@H]2C[C@@](C)(OC)[C@@H](O)[C@H](C)O2)[C@H](C)[C@@H](O[C@@H]2O[C@H](C)C[C@H](N(C)C)[C@H]2O)[C@](C)(OC)C[C@@H](C)C(=O)[C@H](C)[C@@H](O)[C@]1(C)O
QUINUPRISTIN,CHEMBL1200649,Bacterial 70S ribosome inhibitor,CC[C@H]1NC(=O)[C@@H](NC(=O)c2ncccc2O)[C@@H](C)OC(=O)[C@H](c2ccccc2)NC(=O)[C@@H]2CC(=O)[C@H](CS[C@@H]3CN4CCC3CC4)CN2C(=O)[C@H](Cc2ccc(N(C)C)cc2)N(C)C(=O)[C@@H]2CCCN2C1=O
ERYTHROMYCIN ETHYLSUCCINATE,CHEMBL1200688,Bacterial 70S ribosome inhibitor,CCOC(=O)CCC(=O)O[C@H]1[C@H](O[C@@H]2[C@@H](C)[C@H](O[C@H]3C[C@@](C)(OC)[C@@H](O)[C@H](C)O3)[C@@H](C)C(=O)O[C@H](CC)[C@@](C)(O)[C@H](O)[C@@H](C)C(=O)[C@H](C)C[C@@]2(C)O)O[C@H](C)C[C@@H]1N(C)C
DOXYCYCLINE,CHEMBL1200699,Bacterial 70S ribosome inhibitor | Matrix metalloproteinase 13 inhibitor | Matrix metalloproteinase 7 inhibitor | Matrix metalloproteinase 8 inhibitor | Matrix metalloproteinase-1 inhibitor,C[C@H]1c2cccc(O)c2C(=O)C2=C(O)[C@]3(O)C(=O)C(C(N)=O)=C(O)[C@@H](N(C)C)[C@@H]3[C@@H](O)[C@@H]21.O
MINOCYCLINE HYDROCHLORIDE,CHEMBL1200881,Bacterial 70S ribosome inhibitor,CN(C)c1ccc(O)c2c1C[C@H]1C[C@H]3[C@H](N(C)C)C(O)=C(C(N)=O)C(=O)[C@@]3(O)C(O)=C1C2=O.Cl
TETRACYCLINE PHOSPHATE COMPLEX,CHEMBL1201071,Bacterial 70S ribosome inhibitor,CN(C)[C@@H]1C(O)=C(C(N)=O)C(=O)[C@@]2(O)C(O)=C3C(=O)c4c(O)cccc4[C@@](C)(O)[C@H]3C[C@@H]12.O=P(O)(O)O
OXYTETRACYCLINE HYDROCHLORIDE,CHEMBL1607480,Bacterial 70S ribosome inhibitor,CN(C)[C@@H]1C(O)=C(C(N)=O)C(=O)[C@@]2(O)C(O)=C3C(=O)c4c(O)cccc4[C@@](C)(O)[C@H]3[C@H](O)[C@@H]12.Cl
TEDIZOLID PHOSPHATE,CHEMBL2105669,Bacterial 70S ribosome inhibitor,Cn1nnc(-c2ccc(-c3ccc(N4C[C@H](COP(=O)(O)O)OC4=O)cc3F)cn2)n1
CHLORTETRACYCLINE HYDROCHLORIDE,CHEMBL2146063,Bacterial 70S ribosome inhibitor,CN(C)[C@@H]1C(O)=C(C(N)=O)C(=O)[C@@]2(O)C(O)=C3C(=O)c4c(O)ccc(Cl)c4[C@@](C)(O)[C@H]3C[C@@H]12.Cl
PAROMOMYCIN SULFATE,CHEMBL2206196,Bacterial 70S ribosome inhibitor,NC[C@@H]1O[C@H](O[C@H]2[C@@H](O)[C@H](O[C@@H]3[C@@H](O)[C@H](N)C[C@H](N)[C@H]3O[C@H]3O[C@H](CO)[C@@H](O)[C@H](O)[C@H]3N)O[C@@H]2CO)[C@H](N)[C@@H](O)[C@@H]1O.O=S(=O)(O)O
ERYTHROMYCIN ESTOLATE,CHEMBL2218877,Bacterial 70S ribosome inhibitor,CCC(=O)O[C@H]1[C@H](O[C@@H]2[C@@H](C)[C@H](O[C@H]3C[C@@](C)(OC)[C@@H](O)[C@H](C)O3)[C@@H](C)C(=O)O[C@H](CC)[C@@](C)(O)[C@H](O)[C@@H](C)C(=O)[C@H](C)C[C@@]2(C)O)O[C@H](C)C[C@@H]1N(C)C.CCCCCCCCCCCCOS(=O)(=O)O
DIHYDROSTREPTOMYCIN SULFATE,CHEMBL3188576,Bacterial 70S ribosome inhibitor,CN[C@@H]1[C@H](O[C@H]2[C@H](O[C@H]3[C@H](O)[C@@H](O)[C@H](NC(=N)N)[C@@H](O)[C@@H]3NC(=N)N)O[C@@H](C)[C@]2(O)CO)O[C@@H](CO)[C@H](O)[C@H]1O.CN[C@@H]1[C@H](O[C@H]2[C@H](O[C@H]3[C@H](O)[C@@H](O)[C@H](NC(=N)N)[C@@H](O)[C@@H]3NC(=N)N)O[C@@H](C)[C@]2(O)CO)O[C@@H](CO)[C@H](O)[C@H]1O.O=S(=O)(O)O.O=S(=O)(O)O.O=S(=O)(O)O
SPECTINOMYCIN HYDROCHLORIDE,CHEMBL3989571,Bacterial 70S ribosome inhibitor,CN[C@@H]1[C@H](O)[C@H](NC)[C@H]2O[C@@]3(O)C(=O)C[C@@H](C)O[C@H]3O[C@@H]2[C@H]1O.Cl.Cl.O.O.O.O.O
NETILMICIN SULFATE,CHEMBL3989829,Bacterial 70S ribosome inhibitor,CCN[C@@H]1C[C@H](N)[C@@H](O[C@H]2OC(CN)=CC[C@H]2N)[C@H](O)[C@H]1O[C@H]1OC[C@](C)(O)[C@H](NC)[C@H]1O.CCN[C@@H]1C[C@H](N)[C@@H](O[C@H]2OC(CN)=CC[C@H]2N)[C@H](O)[C@H]1O[C@H]1OC[C@](C)(O)[C@H](NC)[C@H]1O.O=S(=O)(O)O.O=S(=O)(O)O.O=S(=O)(O)O.O=S(=O)(O)O.O=S(=O)(O)O
GENTAMICIN SULFATE,CHEMBL6067484,Bacterial 70S ribosome inhibitor,
LINCOMYCIN,CHEMBL1447,Bacterial 70S ribosome inhibitor,CCC[C@@H]1C[C@@H](C(=O)N[C@@H]([C@H]2O[C@H](SC)[C@H](O)[C@@H](O)[C@H]2O)[C@@H](C)O)N(C)C1
OMADACYCLINE TOSYLATE,CHEMBL2103854,Bacterial 70S ribosome inhibitor,CN(C)c1cc(CNCC(C)(C)C)c(O)c2c1C[C@H]1C[C@H]3[C@H](N(C)C)C(O)=C(C(N)=O)C(=O)[C@@]3(O)C(O)=C1C2=O.Cc1ccc(S(=O)(=O)O)cc1
ERAVACYCLINE DIHYDROCHLORIDE,CHEMBL2219414,Bacterial 70S ribosome inhibitor,CN(C)[C@@H]1C(O)=C(C(N)=O)C(=O)[C@@]2(O)C(O)=C3C(=O)c4c(O)c(NC(=O)CN5CCCC5)cc(F)c4C[C@H]3C[C@@H]12.Cl.Cl
PLAZOMICIN SULFATE,CHEMBL2364623,Bacterial 70S ribosome inhibitor,CN[C@@H]1[C@@H](O)[C@@H](O[C@@H]2[C@@H](O)[C@H](O[C@H]3OC(CNCCO)=CC[C@H]3N)[C@@H](N)C[C@H]2NC(=O)[C@@H](O)CCN)OC[C@]1(C)O.O=S(=O)(O)O
LEFAMULIN ACETATE,CHEMBL3545309,Bacterial 70S ribosome inhibitor,C=C[C@]1(C)C[C@@H](OC(=O)CS[C@@H]2CC[C@@H](N)C[C@H]2O)[C@]2(C)[C@H](C)CC[C@]3(CCC(=O)[C@H]32)[C@@H](C)[C@@H]1O.CC(=O)O
DOXYCYCLINE HYCLATE,CHEMBL3989740,Bacterial 70S ribosome inhibitor | Matrix metalloproteinase 13 inhibitor | Matrix metalloproteinase 7 inhibitor | Matrix metalloproteinase 8 inhibitor | Matrix metalloproteinase-1 inhibitor,CCO.C[C@H]1c2cccc(O)c2C(=O)C2=C(O)[C@]3(O)C(=O)C(C(N)=O)=C(O)[C@@H](N(C)C)[C@@H]3[C@@H](O)[C@@H]21.C[C@H]1c2cccc(O)c2C(=O)C2=C(O)[C@]3(O)C(=O)C(C(N)=O)=C(O)[C@@H](N(C)C)[C@@H]3[C@@H](O)[C@@H]21.Cl.Cl.O
DESOXYCORTICOSTERONE ACETATE,CHEMBL1200542,Mineralocorticoid receptor agonist,CC(=O)OCC(=O)[C@H]1CC[C@H]2[C@@H]3CCC4=CC(=O)CC[C@]4(C)[C@H]3CC[C@]12C
DESOXYCORTICOSTERONE PIVALATE,CHEMBL1200592,Mineralocorticoid receptor agonist,CC(C)(C)C(=O)OCC(=O)[C@H]1CC[C@H]2[C@@H]3CCC4=CC(=O)CC[C@]4(C)[C@H]3CC[C@]12C
FLUDROCORTISONE ACETATE,CHEMBL1201010,Mineralocorticoid receptor agonist,CC(=O)OCC(=O)[C@@]1(O)CC[C@H]2[C@@H]3CCC4=CC(=O)CC[C@]4(C)[C@@]3(F)[C@@H](O)C[C@@]21C
ERAVACYCLINE,CHEMBL1951095,Bacterial 70S ribosome inhibitor,CN(C)[C@@H]1C(O)=C(C(N)=O)C(=O)[C@@]2(O)C(O)=C3C(=O)c4c(O)c(NC(=O)CN5CCCC5)cc(F)c4C[C@H]3C[C@@H]12
DOXYCYCLINE CALCIUM,CHEMBL2364574,Matrix metalloproteinase 13 inhibitor | Matrix metalloproteinase 7 inhibitor | Matrix metalloproteinase 8 inhibitor | Matrix metalloproteinase-1 inhibitor,C[C@H]1c2cccc([O-])c2C(=O)C2=C(O)[C@]3(O)C(=O)C(C(N)=O)=C(O)[C@@H](N(C)C)[C@@H]3[C@@H](O)[C@@H]21.C[C@H]1c2cccc([O-])c2C(=O)C2=C(O)[C@]3(O)C(=O)C(C(N)=O)=C(O)[C@@H](N(C)C)[C@@H]3[C@@H](O)[C@@H]21.[Ca+2]
IMIDAPRIL,CHEMBL317094,Angiotensin-converting enzyme inhibitor,CCOC(=O)[C@H](CCc1ccccc1)N[C@@H](C)C(=O)N1C(=O)N(C)C[C@H]1C(=O)O
RAMIPRIL,CHEMBL1168,Angiotensin-converting enzyme inhibitor,CCOC(=O)[C@H](CCc1ccccc1)N[C@@H](C)C(=O)N1[C@H](C(=O)O)C[C@@H]2CCC[C@@H]21
LISINOPRIL,CHEMBL419213,Angiotensin-converting enzyme inhibitor,NCCCC[C@H](N[C@@H](CCc1ccccc1)C(=O)O)C(=O)N1CCC[C@H]1C(=O)O.O.O
TRANDOLAPRIL,CHEMBL1519,Angiotensin-converting enzyme inhibitor,CCOC(=O)[C@H](CCc1ccccc1)N[C@@H](C)C(=O)N1[C@H](C(=O)O)C[C@H]2CCCC[C@@H]21
CAPTOPRIL,CHEMBL1560,Angiotensin-converting enzyme inhibitor,C[C@H](CS)C(=O)N1CCC[C@H]1C(=O)O
BENAZEPRIL HYDROCHLORIDE,CHEMBL1694,Angiotensin-converting enzyme inhibitor,CCOC(=O)[C@H](CCc1ccccc1)N[C@H]1CCc2ccccc2N(CC(=O)O)C1=O.Cl
PERINDOPRIL ERBUMINE,CHEMBL1200343,Angiotensin-converting enzyme inhibitor,CC(C)(C)N.CCC[C@H](N[C@@H](C)C(=O)N1[C@H](C(=O)O)C[C@@H]2CCCC[C@@H]21)C(=O)OCC
ORPHENADRINE CITRATE,CHEMBL1200395,Glutamate [NMDA] receptor antagonist,Cc1ccccc1C(OCCN(C)C)c1ccccc1.O=C(O)CC(O)(CC(=O)O)C(=O)O
MOEXIPRIL HYDROCHLORIDE,CHEMBL1200534,Angiotensin-converting enzyme inhibitor,CCOC(=O)[C@H](CCc1ccccc1)N[C@@H](C)C(=O)N1Cc2cc(OC)c(OC)cc2C[C@H]1C(=O)O.Cl
ENALAPRIL MALEATE,CHEMBL1200659,Angiotensin-converting enzyme inhibitor,CCOC(=O)[C@H](CCc1ccccc1)N[C@@H](C)C(=O)N1CCC[C@H]1C(=O)O.O=C(O)/C=C\C(=O)O
SPIRAPRIL HYDROCHLORIDE,CHEMBL1200831,Angiotensin-converting enzyme inhibitor,CCOC(=O)[C@H](CCc1ccccc1)N[C@@H](C)C(=O)N1CC2(C[C@H]1C(=O)O)SCCS2.Cl
QUINAPRIL HYDROCHLORIDE,CHEMBL1201011,Angiotensin-converting enzyme inhibitor,CCOC(=O)[C@H](CCc1ccccc1)N[C@@H](C)C(=O)N1Cc2ccccc2C[C@H]1C(=O)O.Cl
ACAMPROSATE CALCIUM,CHEMBL2068724,Glutamate [NMDA] receptor antagonist,CC(=O)NCCCS(=O)(=O)[O-].CC(=O)NCCCS(=O)(=O)[O-].[Ca+2]
FOSINOPRIL SODIUM,CHEMBL3039596,Angiotensin-converting enzyme inhibitor,CCC(=O)O[C@@H](O[P@](=O)(CCCCc1ccccc1)CC(=O)N1C[C@H](C2CCCCC2)C[C@H]1C(=O)[O-])C(C)C.[Na+]
PERINDOPRIL ARGININE,CHEMBL3544986,Angiotensin-converting enzyme inhibitor,CCC[C@H](N[C@@H](C)C(=O)N1[C@H](C(=O)O)C[C@@H]2CCCC[C@@H]21)C(=O)OCC.N=C(N)NCCC[C@H](N)C(=O)O
ENALAPRILAT,CHEMBL3989406,Angiotensin-converting enzyme inhibitor,C[C@H](N[C@@H](CCc1ccccc1)C(=O)O)C(=O)N1CCC[C@H]1C(=O)O.O.O
SAQUINAVIR,CHEMBL114,Human immunodeficiency virus type 1 protease inhibitor,CC(C)(C)NC(=O)[C@@H]1C[C@@H]2CCCC[C@@H]2CN1C[C@@H](O)[C@H](Cc1ccccc1)NC(=O)[C@H](CC(N)=O)NC(=O)c1ccc2ccccc2n1
AMPRENAVIR,CHEMBL116,Human immunodeficiency virus type 1 protease inhibitor,CC(C)CN(C[C@@H](O)[C@H](Cc1ccccc1)NC(=O)O[C@H]1CCOC1)S(=O)(=O)c1ccc(N)cc1
SAQUINAVIR MESYLATE,CHEMBL282042,Human immunodeficiency virus type 1 protease inhibitor,CC(C)(C)NC(=O)[C@@H]1C[C@@H]2CCCC[C@@H]2CN1C[C@@H](O)[C@H](Cc1ccccc1)NC(=O)[C@H](CC(N)=O)NC(=O)c1ccc2ccccc2n1.CS(=O)(=O)O
LOPINAVIR,CHEMBL729,Human immunodeficiency virus type 1 protease inhibitor,Cc1cccc(C)c1OCC(=O)N[C@@H](Cc1ccccc1)[C@@H](O)C[C@H](Cc1ccccc1)NC(=O)[C@H](C(C)C)N1CCCNC1=O
RITONAVIR,CHEMBL163,Cytochrome P450 3A inhibitor | Human immunodeficiency virus type 1 protease inhibitor,CC(C)c1nc(CN(C)C(=O)N[C@H](C(=O)N[C@@H](Cc2ccccc2)C[C@H](O)[C@H](Cc2ccccc2)NC(=O)OCc2cncs2)C(C)C)cs1
FELBAMATE,CHEMBL1094,Glutamate [NMDA] receptor antagonist,NC(=O)OCC(COC(N)=O)c1ccccc1
NELFINAVIR MESYLATE,CHEMBL1205,Human immunodeficiency virus type 1 protease inhibitor,CS(=O)(=O)O.Cc1c(O)cccc1C(=O)N[C@@H](CSc1ccccc1)[C@H](O)CN1C[C@H]2CCCC[C@H]2C[C@H]1C(=O)NC(C)(C)C
AMANTADINE HYDROCHLORIDE,CHEMBL1569,Glutamate [NMDA] receptor antagonist | Matrix protein 2 inhibitor,Cl.NC12CC3CC(CC(C3)C1)C2
FOSAMPRENAVIR CALCIUM,CHEMBL1200734,Human immunodeficiency virus type 1 protease inhibitor,CC(C)CN(C[C@@H](OP(=O)([O-])[O-])[C@H](Cc1ccccc1)NC(=O)O[C@H]1CCOC1)S(=O)(=O)c1ccc(N)cc1.[Ca+2]
ORPHENADRINE HYDROCHLORIDE,CHEMBL1201023,Glutamate [NMDA] receptor antagonist,Cc1ccccc1C(OCCN(C)C)c1ccccc1.Cl
COBICISTAT,CHEMBL2095208,Cytochrome P450 3A inhibitor,CC(C)c1nc(CN(C)C(=O)N[C@@H](CCN2CCOCC2)C(=O)N[C@H](CC[C@H](Cc2ccccc2)NC(=O)OCc2cncs2)Cc2ccccc2)cs1
CARMUSTINE,CHEMBL513,RNA inhibitor,O=NN(CCCl)C(=O)NCCCl
CYTARABINE,CHEMBL803,RNA inhibitor,Nc1ccn([C@@H]2O[C@H](CO)[C@@H](O)[C@@H]2O)c(=O)n1
DARUNAVIR,CHEMBL1323,Human immunodeficiency virus type 1 protease inhibitor,CC(C)CN(C[C@@H](O)[C@H](Cc1ccccc1)NC(=O)O[C@H]1CO[C@H]2OCC[C@H]21)S(=O)(=O)c1ccc(N)cc1
FLUOROURACIL,CHEMBL185,RNA inhibitor,O=c1[nH]cc(F)c(=O)[nH]1
TIPRANAVIR,CHEMBL222559,Human immunodeficiency virus type 1 protease inhibitor,CCC[C@@]1(CCc2ccccc2)CC(O)=C([C@H](CC)c2cccc(NS(=O)(=O)c3ccc(C(F)(F)F)cn3)c2)C(=O)O1
FAVIPIRAVIR,CHEMBL221722,RNA-directed RNA polymerase inhibitor,NC(=O)c1nc(F)cnc1O
AZACITIDINE,CHEMBL1489,RNA inhibitor,Nc1ncn([C@@H]2O[C@H](CO)[C@@H](O)[C@H]2O)c(=O)n1
RIBAVIRIN,CHEMBL1643,Inosine-5'-monophosphate dehydrogenase 1 inhibitor | RNA inhibitor | RNA-directed RNA polymerase inhibitor,NC(=O)c1ncn([C@@H]2O[C@H](CO)[C@@H](O)[C@H]2O)n1
INDINAVIR SULFATE,CHEMBL1735,Human immunodeficiency virus type 1 protease inhibitor,CC(C)(C)NC(=O)[C@@H]1CN(Cc2cccnc2)CCN1C[C@@H](O)C[C@@H](Cc1ccccc1)C(=O)N[C@H]1c2ccccc2C[C@H]1O.O=S(=O)(O)O
CAPECITABINE,CHEMBL1773,RNA inhibitor,CCCCCOC(=O)Nc1nc(=O)n([C@@H]2O[C@H](C)[C@@H](O)[C@H]2O)cc1F
ATAZANAVIR SULFATE,CHEMBL1200678,Human immunodeficiency virus type 1 protease inhibitor,COC(=O)N[C@H](C(=O)N[C@@H](Cc1ccccc1)[C@@H](O)CN(Cc1ccc(-c2ccccn2)cc1)NC(=O)[C@@H](NC(=O)OC)C(C)(C)C)C(C)(C)C.O=S(=O)(O)O
DARUNAVIR ETHANOLATE,CHEMBL1201127,Human immunodeficiency virus type 1 protease inhibitor,CC(C)CN(C[C@@H](O)[C@H](Cc1ccccc1)NC(=O)O[C@H]1CO[C@H]2OCC[C@H]21)S(=O)(=O)c1ccc(N)cc1.CCO
SOFOSBUVIR,CHEMBL1259059,RNA-directed RNA polymerase inhibitor,CC(C)OC(=O)[C@H](C)N[P@](=O)(OC[C@H]1O[C@@H](n2ccc(=O)[nH]c2=O)[C@](C)(F)[C@@H]1O)Oc1ccccc1
HYDROXYSTILBAMIDINE ISETHIONATE,CHEMBL2023895,RNA inhibitor,N=C(N)c1ccc(/C=C/c2ccc(C(=N)N)cc2O)cc1.O=S(=O)(O)CCO.O=S(=O)(O)CCO
DASABUVIR SODIUM MONOHYDRATE,CHEMBL3544985,RNA-directed RNA polymerase inhibitor,COc1c(-c2ccc3cc(NS(C)(=O)=O)ccc3c2)cc(-n2ccc(=O)[n-]c2=O)cc1C(C)(C)C.O.[Na+]
CHLOROQUINE PHOSPHATE,CHEMBL58510,Ferriprotoporphyrin IX inhibitor,CCN(CC)CCCC(C)Nc1ccnc2cc(Cl)ccc12.O=P(O)(O)O.O=P(O)(O)O
MEFLOQUINE HYDROCHLORIDE,CHEMBL535650,Ferriprotoporphyrin IX inhibitor,Cl.OC(c1cc(C(F)(F)F)nc2c(C(F)(F)F)cccc12)C1CCCCN1
ARTEMETHER,CHEMBL566534,Ferriprotoporphyrin IX inhibitor,CO[C@H]1O[C@@H]2O[C@@]3(C)CC[C@H]4[C@H](C)CC[C@@H]([C@H]1C)[C@@]24OO3
HALOFANTRINE HYDROCHLORIDE,CHEMBL1200901,Ferriprotoporphyrin IX inhibitor,CCCCN(CCCC)CCC(O)c1cc2c(Cl)cc(Cl)cc2c2cc(C(F)(F)F)ccc12.Cl
AMODIAQUINE HYDROCHLORIDE,CHEMBL1357648,Ferriprotoporphyrin IX inhibitor,CCN(CC)Cc1cc(Nc2ccnc3cc(Cl)ccc23)ccc1O.Cl.Cl.O.O
IBUDILAST,CHEMBL19449,Phosphodiesterase 4 inhibitor | Phosphodiesterase 5A inhibitor,CC(C)C(=O)c1c(C(C)C)nn2ccccc12
TADALAFIL,CHEMBL779,Phosphodiesterase 5A inhibitor,CN1CC(=O)N2[C@H](c3ccc4c(c3)OCO4)c3[nH]c4ccccc4c3C[C@@H]2C1=O
LUMEFANTRINE,CHEMBL38827,Ferriprotoporphyrin IX inhibitor,CCCCN(CCCC)CC(O)c1cc(Cl)cc2c1-c1ccc(Cl)cc1/C2=C/c1ccc(Cl)cc1
VARDENAFIL HYDROCHLORIDE,CHEMBL1339,Phosphodiesterase 5A inhibitor,CCCc1nc(C)c2c(O)nc(-c3cc(S(=O)(=O)N4CCN(CC)CC4)ccc3OCC)nn12.Cl
HYDROXYCHLOROQUINE SULFATE,CHEMBL1690,Ferriprotoporphyrin IX inhibitor | Toll-like receptor 7 antagonist | Toll-like receptor 9 antagonist,CCN(CCO)CCCC(C)Nc1ccnc2cc(Cl)ccc12.O=S(=O)(O)O
SILDENAFIL CITRATE,CHEMBL1737,Phosphodiesterase 5A inhibitor,CCCc1nn(C)c2c(=O)[nH]c(-c3cc(S(=O)(=O)N4CCN(C)CC4)ccc3OCC)nc12.O=C(O)CC(O)(CC(=O)O)C(=O)O
AVANAFIL,CHEMBL1963681,Phosphodiesterase 5A inhibitor,COc1ccc(CNc2nc(N3CCC[C@H]3CO)ncc2C(=O)NCc2ncccn2)cc1Cl
QUININE SULFATE,CHEMBL2359966,Ferriprotoporphyrin IX inhibitor,C=C[C@H]1CN2CC[C@H]1C[C@H]2[C@H](O)c1ccnc2ccc(OC)cc12.C=C[C@H]1CN2CC[C@H]1C[C@H]2[C@H](O)c1ccnc2ccc(OC)cc12.O.O.O=S(=O)(O)O
PHENOXYBENZAMINE HYDROCHLORIDE,CHEMBL1200787,Adrenergic receptor alpha antagonist,CC(COc1ccccc1)N(CCCl)Cc1ccccc1.Cl
PHENTOLAMINE MESYLATE,CHEMBL1200873,Adrenergic receptor alpha antagonist,CS(=O)(=O)O.Cc1ccc(N(CC2=NCCN2)c2cccc(O)c2)cc1
MOXISYLYTE,CHEMBL159226,Adrenergic receptor alpha antagonist,CC(=O)Oc1cc(C(C)C)c(OCCN(C)C)cc1C
RIVAROXABAN,CHEMBL198362,Coagulation factor X inhibitor,O=C(NC[C@H]1CN(c2ccc(N3CCOCC3=O)cc2)C(=O)O1)c1ccc(Cl)s1
APIXABAN,CHEMBL231779,Coagulation factor X inhibitor,COc1ccc(-n2nc(C(N)=O)c3c2C(=O)N(c2ccc(N4CCCCC4=O)cc2)CC3)cc1
BETRIXABAN,CHEMBL512351,Coagulation factor X inhibitor,COc1ccc(NC(=O)c2ccc(C(=N)N(C)C)cc2)c(C(=O)Nc2ccc(Cl)cn2)c1
TOLAZOLINE HYDROCHLORIDE,CHEMBL1689,Adrenergic receptor alpha antagonist,Cl.c1ccc(CC2=NCCN2)cc1
RUXOLITINIB PHOSPHATE,CHEMBL1795071,Tyrosine-protein kinase JAK1 inhibitor | Tyrosine-protein kinase JAK2 inhibitor,N#CC[C@H](C1CCCC1)n1cc(-c2ncnc3[nH]ccc23)cn1.O=P(O)(O)O
EDOXABAN TOSYLATE,CHEMBL2105682,Coagulation factor X inhibitor,CN1CCc2nc(C(=O)N[C@@H]3C[C@@H](C(=O)N(C)C)CC[C@@H]3NC(=O)C(=O)Nc3ccc(Cl)cn3)sc2C1.Cc1ccc(S(=O)(=O)O)cc1
FILGOTINIB,CHEMBL3301607,Tyrosine-protein kinase JAK1 inhibitor | Tyrosine-protein kinase JAK2 inhibitor,O=C(Nc1nc2cccc(-c3ccc(CN4CCS(=O)(=O)CC4)cc3)n2n1)C1CC1
ABROCITINIB,CHEMBL3655081,Tyrosine-protein kinase JAK1 inhibitor,CCCS(=O)(=O)N[C@H]1C[C@@H](N(C)c2ncnc3[nH]ccc23)C1
MOMELOTINIB,CHEMBL1078178,Tyrosine-protein kinase JAK1 inhibitor | Tyrosine-protein kinase JAK2 inhibitor,N#CCNC(=O)c1ccc(-c2ccnc(Nc3ccc(N4CCOCC4)cc3)n2)cc1
BARICITINIB,CHEMBL2105759,Tyrosine-protein kinase JAK1 inhibitor | Tyrosine-protein kinase JAK2 inhibitor,CCS(=O)(=O)N1CC(CC#N)(n2cc(-c3ncnc4[nH]ccc34)cn2)C1
FILGOTINIB MALEATE,CHEMBL4298167,Tyrosine-protein kinase JAK1 inhibitor | Tyrosine-protein kinase JAK2 inhibitor,O=C(Nc1nc2cccc(-c3ccc(CN4CCS(=O)(=O)CC4)cc3)n2n1)C1CC1.O=C(O)/C=C\C(=O)O
DEURUXOLITINIB PHOSPHATE,CHEMBL4594382,Tyrosine-protein kinase JAK1 inhibitor | Tyrosine-protein kinase JAK2 inhibitor,O=P(O)(O)O.[2H]C1([2H])C([C@@H](CC#N)n2cc(-c3ncnc4[nH]ccc34)cn2)C([2H])([2H])C([2H])([2H])C1([2H])[2H]
UPADACITINIB HEMIHYDRATE,CHEMBL5315119,Tyrosine-protein kinase JAK1 inhibitor | Tyrosine-protein kinase JAK2 inhibitor,CC[C@@H]1CN(C(=O)NCC(F)(F)F)C[C@@H]1c1cnc2cnc3[nH]ccc3n12.CC[C@@H]1CN(C(=O)NCC(F)(F)F)C[C@@H]1c1cnc2cnc3[nH]ccc3n12.O
MOMELOTINIB DIHYDROCHLORIDE MONOHYDRATE,CHEMBL6068336,Tyrosine-protein kinase JAK1 inhibitor | Tyrosine-protein kinase JAK2 inhibitor,Cl.Cl.N#CCNC(=O)c1ccc(-c2ccnc(Nc3ccc(N4CCOCC4)cc3)n2)cc1.O
FEDRATINIB,CHEMBL1287853,Tyrosine-protein kinase JAK2 inhibitor,Cc1cnc(Nc2ccc(OCCN3CCCC3)cc2)nc1Nc1cccc(S(=O)(=O)NC(C)(C)C)c1
PACRITINIB,CHEMBL2035187,Tyrosine-protein kinase JAK2 inhibitor,C1=N/C2=N/c3ccc(OCCN4CCCC4)c(c3)COC/C=C/COCc3cccc(c3)C(=C1)N2
FEDRATINIB HYDROCHLORIDE,CHEMBL4297216,Tyrosine-protein kinase JAK2 inhibitor,Cc1cnc(Nc2ccc(OCCN3CCCC3)cc2)nc1Nc1cccc(S(=O)(=O)NC(C)(C)C)c1.Cl.Cl.O
PACRITINIB CITRATE,CHEMBL5095049,Tyrosine-protein kinase JAK2 inhibitor,C1=C/COCc2cc(ccc2OCCN2CCCC2)Nc2nccc(n2)-c2cccc(c2)COC/1.O=C(O)CC(O)(CC(=O)O)C(=O)O
MARAVIROC,CHEMBL256907,C-C chemokine receptor type 5 antagonist,Cc1nnc(C(C)C)n1[C@H]1C[C@H]2CC[C@@H](C1)N2CC[C@H](NC(=O)C1CCC(F)(F)CC1)c1ccccc1
VILDAGLIPTIN,CHEMBL142703,Dipeptidyl peptidase IV inhibitor,N#C[C@@H]1CCCN1C(=O)CNC12CC3CC(CC(O)(C3)C1)C2
ALOGLIPTIN BENZOATE,CHEMBL227529,Dipeptidyl peptidase IV inhibitor,Cn1c(=O)cc(N2CCC[C@@H](N)C2)n(Cc2ccccc2C#N)c1=O.O=C(O)c1ccccc1
LINAGLIPTIN,CHEMBL237500,Dipeptidyl peptidase IV inhibitor,CC#CCn1c(N2CCC[C@@H](N)C2)nc2c1c(=O)n(Cc1nc(C)c3ccccc3n1)c(=O)n2C
GOSOGLIPTIN,CHEMBL515387,Dipeptidyl peptidase IV inhibitor,O=C([C@@H]1C[C@H](N2CCN(c3ncccn3)CC2)CN1)N1CCC(F)(F)C1
SITAGLIPTIN PHOSPHATE,CHEMBL1201174,Dipeptidyl peptidase IV inhibitor,N[C@@H](CC(=O)N1CCn2c(nnc2C(F)(F)F)C1)Cc1cc(F)c(F)cc1F.O.O=P(O)(O)O
SAXAGLIPTIN HYDROCHLORIDE,CHEMBL1201743,Dipeptidyl peptidase IV inhibitor,Cl.N#C[C@@H]1C[C@@H]2C[C@@H]2N1C(=O)[C@@H](N)C12CC3CC(CC(O)(C3)C1)C2
EVOGLIPTIN,CHEMBL1779710,Dipeptidyl peptidase IV inhibitor,CC(C)(C)OC[C@@H]1C(=O)NCCN1C(=O)C[C@H](N)Cc1cc(F)c(F)cc1F
ANAGLIPTIN,CHEMBL1929396,Dipeptidyl peptidase IV inhibitor,Cc1cc2ncc(C(=O)NCC(C)(C)NCC(=O)N3CCC[C@H]3C#N)cn2n1
TRELAGLIPTIN SUCCINATE,CHEMBL2105754,Dipeptidyl peptidase IV inhibitor,Cn1c(=O)cc(N2CCC[C@@H](N)C2)n(Cc2cc(F)ccc2C#N)c1=O.O=C(O)CCC(=O)O
OMARIGLIPTIN,CHEMBL2105762,Dipeptidyl peptidase IV inhibitor,CS(=O)(=O)n1cc2c(n1)CN([C@H]1CO[C@H](c3cc(F)ccc3F)[C@@H](N)C1)C2
TENELIGLIPTIN,CHEMBL2147777,Dipeptidyl peptidase IV inhibitor,Cc1cc(N2CCN([C@@H]3CN[C@H](C(=O)N4CCSC4)C3)CC2)n(-c2ccccc2)n1
NICOTINE,CHEMBL3,Neuronal acetylcholine receptor; alpha4/beta2 agonist,CN1CCC[C@H]1c1cccnc1
NETUPITANT,CHEMBL206253,Neurokinin 1 receptor antagonist,Cc1ccccc1-c1cc(N2CCN(C)CC2)ncc1N(C)C(=O)C(C)(C)c1cc(C(F)(F)F)cc(C(F)(F)F)c1
APREPITANT,CHEMBL1471,Neurokinin 1 receptor antagonist,C[C@@H](O[C@H]1OCCN(Cc2n[nH]c(=O)[nH]2)[C@H]1c1ccc(F)cc1)c1cc(C(F)(F)F)cc(C(F)(F)F)c1
FOSAPREPITANT DIMEGLUMINE,CHEMBL1201782,Neurokinin 1 receptor antagonist,CNC[C@H](O)[C@@H](O)[C@H](O)[C@H](O)CO.CNC[C@H](O)[C@@H](O)[C@H](O)[C@H](O)CO.C[C@@H](O[C@H]1OCCN(Cc2nn(P(=O)(O)O)c(=O)[nH]2)[C@H]1c1ccc(F)cc1)c1cc(C(F)(F)F)cc(C(F)(F)F)c1
ROLAPITANT HYDROCHLORIDE,CHEMBL3707330,Neurokinin 1 receptor antagonist,C[C@@H](OC[C@@]1(c2ccccc2)CC[C@]2(CCC(=O)N2)CN1)c1cc(C(F)(F)F)cc(C(F)(F)F)c1.Cl.O
SITAGLIPTIN FUMARATE,CHEMBL5315049,Dipeptidyl peptidase IV inhibitor,N[C@@H](CC(=O)N1CCn2c(nnc2C(F)(F)F)C1)Cc1cc(F)c(F)cc1F.O=C(O)/C=C\C(=O)O
VARENICLINE TARTRATE,CHEMBL6067972,Neuronal acetylcholine receptor; alpha4/beta2 agonist,O=C(O)[C@H](O)[C@@H](O)C(=O)O.c1cnc2cc3c(cc2n1)[C@@H]1CNC[C@H]3C1
SITAGLIPTIN HYDROCHLORIDE MONOHYDRATE,CHEMBL6068334,Dipeptidyl peptidase IV inhibitor,Cl.N[C@@H](CC(=O)N1CCn2c(nnc2C(F)(F)F)C1)Cc1cc(F)c(F)cc1F.O
IBRUTINIB,CHEMBL1873475,Tyrosine-protein kinase BTK inhibitor,C=CC(=O)N1CCC[C@@H](n2nc(-c3ccc(Oc4ccccc4)cc3)c3c(N)ncnc32)C1
FOSNETUPITANT CHLORIDE HYDROCHLORIDE,CHEMBL3989919,Neurokinin 1 receptor antagonist,Cc1ccccc1-c1cc(N2CC[N+](C)(COP(=O)(O)O)CC2)ncc1N(C)C(=O)C(C)(C)c1cc(C(F)(F)F)cc(C(F)(F)F)c1.Cl.[Cl-]
BEROTRALSTAT HYDROCHLORIDE,CHEMBL6067995,Plasma kallikrein inhibitor,Cl.Cl.N#Cc1cccc([C@@H](NCC2CC2)c2ccc(F)c(NC(=O)c3cc(C(F)(F)F)nn3-c3cccc(CN)c3)c2)c1
TICAGRELOR,CHEMBL398435,Purinergic receptor P2Y12 negative allosteric modulator,CCCSc1nc(N[C@@H]2C[C@H]2c2ccc(F)c(F)c2)c2nnn([C@@H]3C[C@H](OCCO)[C@@H](O)[C@H]3O)c2n1
ACALABRUTINIB,CHEMBL3707348,Tyrosine-protein kinase BTK inhibitor,CC#CC(=O)N1CCC[C@H]1c1nc(-c2ccc(C(=O)Nc3ccccn3)cc2)c2c(N)nccn12
ZANUBRUTINIB,CHEMBL3936761,Tyrosine-protein kinase BTK inhibitor,C=CC(=O)N1CCC([C@@H]2CCNc3c(C(N)=O)c(-c4ccc(Oc5ccccc5)cc4)nn32)CC1
TIRABRUTINIB,CHEMBL4071161,Tyrosine-protein kinase BTK inhibitor,CC#CC(=O)N1CC[C@@H](n2c(=O)n(-c3ccc(Oc4ccccc4)cc3)c3c(N)ncnc32)C1
ACALABRUTINIB MALEATE,CHEMBL4594293,Tyrosine-protein kinase BTK inhibitor,CC#CC(=O)N1CCC[C@H]1c1nc(-c2ccc(C(=O)Nc3ccccn3)cc2)c2c(N)nccn12.O=C(O)/C=C\C(=O)O
PIRTOBRUTINIB,CHEMBL4650485,Tyrosine-protein kinase BTK inhibitor,COc1ccc(F)cc1C(=O)NCc1ccc(-c2nn([C@@H](C)C(F)(F)F)c(N)c2C(N)=O)cc1
DAPAGLIFLOZIN,CHEMBL429910,Sodium/glucose cotransporter 2 inhibitor,CCOc1ccc(Cc2cc([C@@H]3O[C@H](CO)[C@@H](O)[C@H](O)[C@H]3O)ccc2Cl)cc1
ERTUGLIFLOZIN,CHEMBL1770248,Sodium/glucose cotransporter 2 inhibitor,CCOc1ccc(Cc2cc([C@]34OC[C@](CO)(O3)[C@@H](O)[C@H](O)[C@H]4O)ccc2Cl)cc1
BEXAGLIFLOZIN,CHEMBL1808388,Sodium/glucose cotransporter 2 inhibitor,OC[C@H]1O[C@@H](c2ccc(Cl)c(Cc3ccc(OCCOC4CC4)cc3)c2)[C@H](O)[C@@H](O)[C@@H]1O
DAPAGLIFLOZIN PROPANEDIOL,CHEMBL2103802,Sodium/glucose cotransporter 2 inhibitor,CCOc1ccc(Cc2cc([C@@H]3O[C@H](CO)[C@@H](O)[C@H](O)[C@H]3O)ccc2Cl)cc1.C[C@H](O)CO.O
TOFOGLIFLOZIN,CHEMBL2105711,Sodium/glucose cotransporter 2 inhibitor,CCc1ccc(Cc2ccc3c(c2)[C@]2(OC3)O[C@H](CO)[C@@H](O)[C@H](O)[C@H]2O)cc1.O
EMPAGLIFLOZIN,CHEMBL2107830,Sodium/glucose cotransporter 2 inhibitor,OC[C@H]1O[C@@H](c2ccc(Cl)c(Cc3ccc(O[C@H]4CCOC4)cc3)c2)[C@H](O)[C@@H](O)[C@@H]1O
SOTAGLIFLOZIN,CHEMBL3039507,Sodium/glucose cotransporter 2 inhibitor,CCOc1ccc(Cc2cc([C@@H]3O[C@H](SC)[C@@H](O)[C@H](O)[C@H]3O)ccc2Cl)cc1
CANAGLIFLOZIN,CHEMBL4594217,Sodium/glucose cotransporter 2 inhibitor,Cc1ccc([C@@H]2O[C@H](CO)[C@@H](O)[C@H](O)[C@H]2O)cc1Cc1ccc(-c2ccc(F)cc2)s1.O
AMLEXANOX,CHEMBL1096,Phosphodiesterase 4 inhibitor,CC(C)c1ccc2oc3nc(N)c(C(=O)O)cc3c(=O)c2c1
ROFLUMILAST,CHEMBL193240,Phosphodiesterase 4 inhibitor,O=C(Nc1c(Cl)cncc1Cl)c1ccc(OC(F)F)c(OCC2CC2)c1
APREMILAST,CHEMBL514800,Phosphodiesterase 4 inhibitor,CCOc1cc([C@@H](CS(C)(=O)=O)N2C(=O)c3cccc(NC(C)=O)c3C2=O)ccc1OC
PLITIDEPSIN,CHEMBL451930,Elongation factor 1-alpha 2 inhibitor,CC[C@H](C)[C@H]1NC(=O)[C@@H](NC(=O)[C@@H](CC(C)C)N(C)C(=O)[C@@H]2CCCN2C(=O)C(C)=O)[C@@H](C)OC(=O)[C@H](Cc2ccc(OC)cc2)N(C)C(=O)[C@@H]2CCCN2C(=O)[C@H](CC(C)C)NC(=O)[C@@H](C)C(=O)[C@H](C(C)C)OC(=O)C[C@@H]1O
CRISABOROLE,CHEMBL484785,Phosphodiesterase 4 inhibitor,N#Cc1ccc(Oc2ccc3c(c2)COB3O)cc1
DYPHYLLINE,CHEMBL1752,Phosphodiesterase 4 inhibitor,Cn1c(=O)c2c(ncn2CC(O)CO)n(C)c1=O
OXTRIPHYLLINE,CHEMBL1200434,Phosphodiesterase 4 inhibitor,C[N+](C)(C)CCO.Cn1c(=O)c2[n-]cnc2n(C)c1=O
THEOPHYLLINE SODIUM GLYCINATE,CHEMBL1200578,Phosphodiesterase 4 inhibitor,Cn1c(=O)c2[nH]cnc2n(C)c1=O.NCC(=O)[O-].[Na+]
FLAVOXATE HYDROCHLORIDE,CHEMBL1200875,Phosphodiesterase 4 inhibitor,Cc1c(-c2ccccc2)oc2c(C(=O)OCCN3CCCCC3)cccc2c1=O.Cl
IPRAGLIFLOZIN,CHEMBL2018096,Sodium/glucose cotransporter 2 inhibitor,OC[C@H]1O[C@@H](c2ccc(F)c(Cc3cc4ccccc4s3)c2)[C@H](O)[C@@H](O)[C@@H]1O
ERTUGLIFLOZIN PIDOLATE,CHEMBL5315054,Sodium/glucose cotransporter 2 inhibitor,CCOc1ccc(Cc2cc([C@]34OC[C@](CO)(O3)[C@@H](O)[C@H](O)[C@H]4O)ccc2Cl)cc1.O=C1CC[C@@H](C(=O)O)N1
TRETINOIN,CHEMBL38,Retinoic acid receptor agonist,CC1=C(/C=C/C(C)=C/C=C/C(C)=C/C(=O)O)C(C)(C)CCC1
ISOTRETINOIN,CHEMBL547,Retinoic acid receptor agonist,CC1=C(/C=C/C(C)=C/C=C/C(C)=C\C(=O)O)C(C)(C)CCC1
ADAPALENE,CHEMBL1265,Retinoic acid receptor agonist,COc1ccc(-c2ccc3cc(C(=O)O)ccc3c2)cc1C12CC3CC(CC(C3)C1)C2
TAZAROTENE,CHEMBL1657,Retinoic acid receptor agonist,CCOC(=O)c1ccc(C#Cc2ccc3c(c2)C(C)(C)CCS3)nc1
LOPERAMIDE HYDROCHLORIDE,CHEMBL1707,Mu opioid receptor agonist,CN(C)C(=O)C(CCN1CCC(O)(c2ccc(Cl)cc2)CC1)(c1ccccc1)c1ccccc1.Cl
ALFENTANIL HYDROCHLORIDE,CHEMBL1200531,Mu opioid receptor agonist,CCC(=O)N(c1ccccc1)C1(COC)CCN(CCn2nnn(CC)c2=O)CC1.Cl
DIFENOXIN HYDROCHLORIDE,CHEMBL1200599,Mu opioid receptor agonist,Cl.N#CC(CCN1CCC(C(=O)O)(c2ccccc2)CC1)(c1ccccc1)c1ccccc1
HYDROMORPHONE HYDROCHLORIDE,CHEMBL1237055,Mu opioid receptor agonist,CN1CC[C@]23c4c5ccc(O)c4O[C@H]2C(=O)CC[C@H]3[C@H]1C5.Cl
TRAMADOL HYDROCHLORIDE,CHEMBL1237065,Mu opioid receptor agonist,COc1cccc(C2(O)CCCCC2CN(C)C)c1.Cl
OXYCODONE TEREPHTHALATE,CHEMBL3989826,Mu opioid receptor agonist,COc1ccc2c3c1O[C@H]1C(=O)CC[C@@]4(O)[C@@H](C2)N(C)CC[C@]314.COc1ccc2c3c1O[C@H]1C(=O)CC[C@@]4(O)[C@@H](C2)N(C)CC[C@]314.O=C(O)c1ccc(C(=O)O)cc1
ENSIFENTRINE,CHEMBL4594287,Phosphodiesterase 4 inhibitor,COc1cc2c(cc1OC)-c1c/c(=N\c3c(C)cc(C)cc3C)n(CCNC(N)=O)c(=O)n1CC2
FENTANYL,CHEMBL596,Mu opioid receptor agonist,CCC(=O)N(c1ccccc1)C1CCN(CCc2ccccc2)CC1
FENTANYL CITRATE,CHEMBL688,Mu opioid receptor agonist,CCC(=O)N(c1ccccc1)C1CCN(CCc2ccccc2)CC1.O=C(O)CC(O)(CC(=O)O)C(=O)O
BUPRENORPHINE,CHEMBL511142,Mu opioid receptor agonist,CO[C@@]12CC[C@@]3(C[C@@H]1[C@](C)(O)C(C)(C)C)[C@H]1Cc4ccc(O)c5c4[C@@]3(CCN1CC1CC1)[C@H]2O5
MEPERIDINE HYDROCHLORIDE,CHEMBL1701,Mu opioid receptor agonist,CCOC(=O)C1(c2ccccc2)CCN(C)CC1.Cl
ANILERIDINE PHOSPHATE,CHEMBL1200543,Mu opioid receptor agonist,CCOC(=O)C1(c2ccccc2)CCN(CCc2ccc(N)cc2)CC1.O=P(O)(O)O
DIPHENOXYLATE HYDROCHLORIDE,CHEMBL1200665,Mu opioid receptor agonist,CCOC(=O)C1(c2ccccc2)CCN(CCC(C#N)(c2ccccc2)c2ccccc2)CC1.Cl
LEVOMETHADYL ACETATE HYDROCHLORIDE,CHEMBL1200817,Mu opioid receptor agonist,CC[C@H](OC(C)=O)C(C[C@H](C)N(C)C)(c1ccccc1)c1ccccc1.Cl
METHADONE HYDROCHLORIDE,CHEMBL1200825,Mu opioid receptor agonist,CCC(=O)C(CC(C)N(C)C)(c1ccccc1)c1ccccc1.Cl
OXYCODONE HYDROCHLORIDE,CHEMBL1200890,Mu opioid receptor agonist,COc1ccc2c3c1O[C@H]1C(=O)CC[C@@]4(O)[C@@H](C2)N(C)CC[C@]314.Cl
ANILERIDINE HYDROCHLORIDE,CHEMBL1201047,Mu opioid receptor agonist,CCOC(=O)C1(c2ccccc2)CCN(CCc2ccc(N)cc2)CC1.Cl
REMIFENTANIL HYDROCHLORIDE,CHEMBL1201120,Mu opioid receptor agonist,CCC(=O)N(c1ccccc1)C1(C(=O)OC)CCN(CCC(=O)OC)CC1.Cl
FENTANYL HYDROCHLORIDE,CHEMBL1201159,Mu opioid receptor agonist,CCC(=O)N(c1ccccc1)C1CCN(CCc2ccccc2)CC1.Cl
SUFENTANIL CITRATE,CHEMBL1201163,Mu opioid receptor agonist,CCC(=O)N(c1ccccc1)C1(COC)CCN(CCc2cccs2)CC1.O=C(O)CC(O)(CC(=O)O)C(=O)O
TAPENTADOL HYDROCHLORIDE,CHEMBL1201777,Mu opioid receptor agonist,CC[C@@H](c1cccc(O)c1)[C@@H](C)CN(C)C.Cl
PROPOXYPHENE HYDROCHLORIDE,CHEMBL1237104,Mu opioid receptor agonist,CCC(=O)O[C@](Cc1ccccc1)(c1ccccc1)[C@H](C)CN(C)C.Cl
DIHYDROCODEINE BITARTRATE,CHEMBL2062266,Mu opioid receptor agonist,COc1ccc2c3c1O[C@H]1[C@@H](O)CC[C@H]4[C@@H](C2)N(C)CC[C@@]341.O=C(O)C(O)C(O)C(=O)O
MORPHINE SULFATE,CHEMBL2103744,Mu opioid receptor agonist,CN1CC[C@]23c4c5ccc(O)c4O[C@H]2[C@@H](O)C=C[C@H]3[C@H]1C5.CN1CC[C@]23c4c5ccc(O)c4O[C@H]2[C@@H](O)C=C[C@H]3[C@H]1C5.O.O.O.O.O.O=S(=O)(O)O
BUPRENORPHINE HYDROCHLORIDE,CHEMBL2368861,Mu opioid receptor agonist,CO[C@@]12CC[C@@]3(C[C@@H]1[C@](C)(O)C(C)(C)C)[C@H]1Cc4ccc(O)c5c4[C@@]3(CCN1CC1CC1)[C@H]2O5.Cl
PROPOXYPHENE NAPSYLATE,CHEMBL3989716,Mu opioid receptor agonist,CCC(=O)O[C@](Cc1ccccc1)(c1ccccc1)[C@H](C)CN(C)C.O.O=S(=O)(O)c1ccc2ccccc2c1
LEVORPHANOL TARTRATE,CHEMBL3989768,Mu opioid receptor agonist,CN1CC[C@]23CCCC[C@H]2[C@H]1Cc1ccc(O)cc13.O.O.O=C(O)C(O)C(O)C(=O)O
THIORIDAZINE,CHEMBL479,D2-like dopamine receptor antagonist | Serotonin 2a (5-HT2a) receptor antagonist,CSc1ccc2c(c1)N(CCC1CCCCN1C)c1ccccc1S2
CHLORPROMAZINE,CHEMBL71,D2-like dopamine receptor antagonist | Serotonin 2a (5-HT2a) receptor antagonist,CN(C)CCCN1c2ccccc2Sc2ccc(Cl)cc21
OXYCODONE,CHEMBL656,Mu opioid receptor agonist,COc1ccc2c3c1O[C@H]1C(=O)CC[C@@]4(O)[C@@H](C2)N(C)CC[C@]314
LOXAPINE,CHEMBL831,D2-like dopamine receptor antagonist | Serotonin 2a (5-HT2a) receptor antagonist,CN1CCN(C2=Nc3ccccc3Oc3ccc(Cl)cc32)CC1
DROPERIDOL,CHEMBL1108,D2-like dopamine receptor antagonist | Serotonin 2a (5-HT2a) receptor antagonist,O=C(CCCN1CC=C(n2c(=O)[nH]c3ccccc32)CC1)c1ccc(F)cc1
LEVOMETHADYL ACETATE,CHEMBL1514,Mu opioid receptor agonist,CC[C@H](OC(C)=O)C(C[C@H](C)N(C)C)(c1ccccc1)c1ccccc1
CHLORPROMAZINE HYDROCHLORIDE,CHEMBL1713,D2-like dopamine receptor antagonist | Serotonin 2a (5-HT2a) receptor antagonist,CN(C)CCCN1c2ccccc2Sc2ccc(Cl)cc21.Cl
LEVOMEPROMAZINE,CHEMBL1764,D2-like dopamine receptor antagonist,COc1ccc2c(c1)N(C[C@H](C)CN(C)C)c1ccccc1S2
PROMAZINE HYDROCHLORIDE,CHEMBL1200469,D2-like dopamine receptor antagonist | Serotonin 2a (5-HT2a) receptor antagonist,CN(C)CCCN1c2ccccc2Sc2ccccc21.Cl
THIORIDAZINE HYDROCHLORIDE,CHEMBL1200916,D2-like dopamine receptor antagonist | Serotonin 2a (5-HT2a) receptor antagonist,CSc1ccc2c(c1)N(CCC1CCCCN1C)c1ccccc1S2.Cl
LOXAPINE HYDROCHLORIDE,CHEMBL1201060,D2-like dopamine receptor antagonist | Serotonin 2a (5-HT2a) receptor antagonist,CN1CCN(C2=Nc3ccccc3Oc3ccc(Cl)cc32)CC1.Cl
LOXAPINE SUCCINATE,CHEMBL1201155,D2-like dopamine receptor antagonist | Serotonin 2a (5-HT2a) receptor antagonist,CN1CCN(C2=Nc3ccccc3Oc3ccc(Cl)cc32)CC1.O=C(O)CCC(=O)O
ELUXADOLINE,CHEMBL2159122,Mu opioid receptor agonist,COc1ccc(CN(C(=O)[C@@H](N)Cc2c(C)cc(C(N)=O)cc2C)[C@@H](C)c2ncc(-c3ccccc3)[nH]2)cc1C(=O)O
OLICERIDINE,CHEMBL2443262,Mu opioid receptor agonist,COc1ccsc1CNCC[C@@]1(c2ccccn2)CCOC2(CCCC2)C1
OLANZAPINE PAMOATE,CHEMBL3989694,D2-like dopamine receptor antagonist | Serotonin 2a (5-HT2a) receptor antagonist,Cc1cc2c(s1)Nc1ccccc1N=C2N1CCN(C)CC1.O.O=C(O)c1cc2ccccc2c(Cc2c(O)c(C(=O)O)cc3ccccc23)c1O
CLOZAPINE,CHEMBL42,Serotonin 2a (5-HT2a) receptor antagonist,CN1CCN(C2=Nc3cc(Cl)ccc3Nc3ccccc32)CC1
HALOPERIDOL,CHEMBL54,Serotonin 2a (5-HT2a) receptor antagonist,O=C(CCCN1CCC(O)(c2ccc(Cl)cc2)CC1)c1ccc(F)cc1
RISPERIDONE,CHEMBL85,Serotonin 2a (5-HT2a) receptor antagonist,Cc1nc2n(c(=O)c1CCN1CCC(c3noc4cc(F)ccc34)CC1)CCCC2
MIRTAZAPINE,CHEMBL654,Serotonin 2a (5-HT2a) receptor antagonist,CN1CCN2c3ncccc3Cc3ccccc3C2C1
OLANZAPINE,CHEMBL715,D2-like dopamine receptor antagonist | Serotonin 2a (5-HT2a) receptor antagonist,Cc1cc2c(s1)Nc1ccccc1N=C2N1CCN(C)CC1
CHLORPROTHIXENE,CHEMBL908,Serotonin 2a (5-HT2a) receptor antagonist,CN(C)CC/C=C1/c2ccccc2Sc2ccc(Cl)cc21
ARIPIPRAZOLE,CHEMBL1112,Serotonin 2a (5-HT2a) receptor antagonist,O=C1CCc2ccc(OCCCCN3CCN(c4cccc(Cl)c4Cl)CC3)cc2N1
PIMOZIDE,CHEMBL1423,Serotonin 2a (5-HT2a) receptor antagonist,O=c1[nH]c2ccccc2n1C1CCN(CCCC(c2ccc(F)cc2)c2ccc(F)cc2)CC1
PALIPERIDONE,CHEMBL1621,Serotonin 2a (5-HT2a) receptor antagonist,Cc1nc2n(c(=O)c1CCN1CCC(c3noc4cc(F)ccc34)CC1)CCCC2O
MOLINDONE HYDROCHLORIDE,CHEMBL1200419,Serotonin 2a (5-HT2a) receptor antagonist,CCc1c(C)[nH]c2c1C(=O)C(CN1CCOCC1)CC2.Cl
NEFAZODONE HYDROCHLORIDE,CHEMBL1200492,Serotonin 2a (5-HT2a) receptor antagonist,CCc1nn(CCCN2CCN(c3cccc(Cl)c3)CC2)c(=O)n1CCOc1ccccc1.Cl
CYCLOBENZAPRINE HYDROCHLORIDE,CHEMBL1200636,Serotonin 2a (5-HT2a) receptor antagonist,CN(C)CCC=C1c2ccccc2C=Cc2ccccc21.Cl
TRAZODONE HYDROCHLORIDE,CHEMBL1200798,Serotonin 2a (5-HT2a) receptor antagonist,Cl.O=c1n(CCCN2CCN(c3cccc(Cl)c3)CC2)nc2ccccn12
MESORIDAZINE BESYLATE,CHEMBL1201052,Serotonin 2a (5-HT2a) receptor antagonist,CN1CCCCC1CCN1c2ccccc2Sc2ccc([S+](C)[O-])cc21.O=S(=O)(O)c1ccccc1
TRIFLUOPERAZINE HYDROCHLORIDE,CHEMBL1257040,D2-like dopamine receptor antagonist | Serotonin 2a (5-HT2a) receptor antagonist,CN1CCN(CCCN2c3ccccc3Sc3ccc(C(F)(F)F)cc32)CC1.Cl.Cl
LURASIDONE HYDROCHLORIDE,CHEMBL1615372,Serotonin 2a (5-HT2a) receptor antagonist,Cl.O=C1[C@@H]2[C@H]3CC[C@H](C3)[C@@H]2C(=O)N1C[C@@H]1CCCC[C@H]1CN1CCN(c2nsc3ccccc23)CC1
PALIPERIDONE PALMITATE,CHEMBL2107360,Serotonin 2a (5-HT2a) receptor antagonist,CCCCCCCCCCCCCCCC(=O)OC1CCCn2c1nc(C)c(CCN1CCC(c3noc4cc(F)ccc34)CC1)c2=O
CARPHENAZINE MALEATE,CHEMBL2358147,Serotonin 2a (5-HT2a) receptor antagonist,CCC(=O)c1ccc2c(c1)N(CCCN1CCN(CCO)CC1)c1ccccc1S2.O=C(O)/C=C\C(=O)O.O=C(O)/C=C\C(=O)O
QUETIAPINE FUMARATE,CHEMBL3188993,Serotonin 2a (5-HT2a) receptor antagonist,O=C(O)/C=C/C(=O)O.OCCOCCN1CCN(C2=Nc3ccccc3Sc3ccccc32)CC1.OCCOCCN1CCN(C2=Nc3ccccc3Sc3ccccc32)CC1
ASENAPINE MALEATE,CHEMBL3544974,Serotonin 2a (5-HT2a) receptor antagonist,CN1CC2c3ccccc3Oc3ccc(Cl)cc3C2C1.O=C(O)/C=C\C(=O)O
ILOPERIDONE,CHEMBL14376,Serotonin 2a (5-HT2a) receptor antagonist,COc1cc(C(C)=O)ccc1OCCCN1CCC(c2noc3cc(F)ccc23)CC1
THIOTHIXENE,CHEMBL1201,Serotonin 2a (5-HT2a) receptor antagonist,CN1CCN(CC/C=C2/c3ccccc3Sc3ccc(S(=O)(=O)N(C)C)cc32)CC1
TRIMIPRAMINE MALEATE,CHEMBL1200948,Serotonin 2a (5-HT2a) receptor antagonist,CC(CN(C)C)CN1c2ccccc2CCc2ccccc21.O=C(O)/C=C\C(=O)O
HALOPERIDOL DECANOATE,CHEMBL1200986,Serotonin 2a (5-HT2a) receptor antagonist,CCCCCCCCCC(=O)OC1(c2ccc(Cl)cc2)CCN(CCCC(=O)c2ccc(F)cc2)CC1
ZIPRASIDONE HYDROCHLORIDE,CHEMBL1375743,Serotonin 2a (5-HT2a) receptor antagonist,Cl.O.O=C1Cc2cc(CCN3CCN(c4nsc5ccccc45)CC3)c(Cl)cc2N1
BREXPIPRAZOLE,CHEMBL2105760,Serotonin 2a (5-HT2a) receptor antagonist,O=c1ccc2ccc(OCCCCN3CCN(c4cccc5sccc45)CC3)cc2[nH]1
ARIPIPRAZOLE LAUROXIL,CHEMBL2219425,Serotonin 2a (5-HT2a) receptor antagonist,CCCCCCCCCCCC(=O)OCN1C(=O)CCc2ccc(OCCCCN3CCN(c4cccc(Cl)c4Cl)CC3)cc21
LUMATEPERONE,CHEMBL3306803,Serotonin 2a (5-HT2a) receptor antagonist,CN1CCN2c3c(cccc31)[C@@H]1CN(CCCC(=O)c3ccc(F)cc3)CC[C@@H]12
THIOTHIXENE HYDROCHLORIDE,CHEMBL3989824,Serotonin 2a (5-HT2a) receptor antagonist,CN1CCN(CC/C=C2/c3ccccc3Sc3ccc(S(=O)(=O)N(C)C)cc32)CC1.Cl.Cl.O.O
ZIPRASIDONE MESYLATE,CHEMBL3989833,Serotonin 2a (5-HT2a) receptor antagonist,CS(=O)(=O)O.O.O.O.O=C1Cc2cc(CCN3CCN(c4nsc5ccccc45)CC3)c(Cl)cc2N1
HALOPERIDOL LACTATE,CHEMBL4297147,Serotonin 2a (5-HT2a) receptor antagonist,CC(O)C(=O)O.O=C(CCCN1CCC(O)(c2ccc(Cl)cc2)CC1)c1ccc(F)cc1
CIMETIDINE,CHEMBL30,Histamine H2 receptor antagonist,CN/C(=N\CCSCc1nc[nH]c1C)NC#N
PENTOXIFYLLINE,CHEMBL628,"3',5'-cyclic phosphodiesterase inhibitor",CC(=O)CCCCn1c(=O)c2c(ncn2C)n(C)c1=O
TRANEXAMIC ACID,CHEMBL877,Plasminogen inhibitor,NC[C@H]1CC[C@H](C(=O)O)CC1
FAMOTIDINE,CHEMBL902,Histamine H2 receptor antagonist,NC(N)=Nc1nc(CSCC/C(N)=N/S(N)(=O)=O)cs1
DIPYRIDAMOLE,CHEMBL932,"3',5'-cyclic phosphodiesterase inhibitor | Equilibrative nucleoside transporter 1 inhibitor",OCCN(CCO)c1nc(N2CCCCC2)c2nc(N(CCO)CCO)nc(N3CCCCC3)c2n1
LEFLUNOMIDE,CHEMBL960,Dihydroorotate dehydrogenase inhibitor,Cc1oncc1C(=O)Nc1ccc(C(F)(F)F)cc1
TERIFLUNOMIDE,CHEMBL973,Dihydroorotate dehydrogenase inhibitor,C/C(O)=C(\C#N)C(=O)Nc1ccc(C(F)(F)F)cc1
AMINOCAPROIC ACID,CHEMBL1046,Plasminogen inhibitor,NCCCCCC(=O)O
BLONANSERIN,CHEMBL178803,Serotonin 2a (5-HT2a) receptor antagonist,CCN1CCN(c2cc(-c3ccc(F)cc3)c3c(n2)CCCCCC3)CC1
METHANTHELINE BROMIDE,CHEMBL1200988,Histamine H2 receptor antagonist,CC[N+](C)(CC)CCOC(=O)C1c2ccccc2Oc2ccccc21.[Br-]
CIMETIDINE HYDROCHLORIDE,CHEMBL1201051,Histamine H2 receptor antagonist,CN/C(=N\CCSCc1nc[nH]c1C)NC#N.Cl
EBROTIDINE,CHEMBL1742471,Histamine H2 receptor antagonist,NC(N)=Nc1nc(CSCCN/C=N/S(=O)(=O)c2ccc(Br)cc2)cs1
RANITIDINE,CHEMBL1790041,Histamine H2 receptor antagonist,CNC(=C[N+](=O)[O-])NCCSCc1ccc(CN(C)C)o1
RANITIDINE HYDROCHLORIDE,CHEMBL2110372,Histamine H2 receptor antagonist,CNC(=C[N+](=O)[O-])NCCSCc1ccc(CN(C)C)o1.Cl
RANITIDINE BISMUTH CITRATE,CHEMBL2111286,Histamine H2 receptor antagonist,CNC(=C[N+](=O)[O-])NCCSCc1ccc(CN(C)C)o1.O=C([O-])CC(O)(CC(=O)[O-])C(=O)[O-].[Bi+3]
NIZATIDINE,CHEMBL3183075,Histamine H2 receptor antagonist,CNC(=C[N+](=O)[O-])NCCSCc1csc(CN(C)C)n1
